WARNING: All log messages before absl::InitializeLog() is called are written to STDERR
E0000 00:00:1789101028.106166   57874 descriptor_database.cc:633] File already exists in database: grpc/health/v1/health.proto
W0000 00:00:1789101028.106205   57874 message.cc:301] Protobuf GeneratedMessageFactory: File is already registered: grpc/health/v1/health.proto
[ISAACLAB] AppLauncher initialization complete
[ISAACLAB] Kit version: 110.1.2+production.326809.f9bf0dda.gl
[ISAACLAB] Kit kernel:  210.1.11+release.13746.80f6dc72.gl
[ISAACLAB] Kit hash:    f9bf0dda
[INFO]: Parsing configuration from: legged_lab.tasks.locomotion.amp.config.g1.g1_amp_depth_instinct_env_cfg:G1AmpDepthInstinctWarmupEnvCfg_PLAY
[INFO]: Base environment:
	Environment device    : cuda:0
	Environment seed      : None
	Physics step-size     : 0.005
	Rendering step-size   : 0.02
	Environment step-size : 0.02
[INFO]: Loading local copy of remote asset 'https://omniverse-content-production.s3-us-west-2.amazonaws.com/Assets/Isaac/6.1/Isaac/IsaacLab/Environments/Grid/default_ground_plane.usda' from '/tmp/https/omniverse-content-production.s3-us-west-2.amazonaws.com/Assets/Isaac/6.1/Isaac/IsaacLab/Environments/Grid/default_ground_plane.usda'.
[INFO]: Loading local copy of remote asset 'https://omniverse-content-production.s3-us-west-2.amazonaws.com/Assets/Isaac/6.1/Isaac/IsaacLab/Environments/Grid/Materials/Textures/default_ground_plane_albedo.png' from '/tmp/https/omniverse-content-production.s3-us-west-2.amazonaws.com/Assets/Isaac/6.1/Isaac/IsaacLab/Environments/Grid/Materials/Textures/default_ground_plane_albedo.png'.
[INFO]: Loading local copy of remote asset 'https://omniverse-content-production.s3-us-west-2.amazonaws.com/Assets/Isaac/6.1/Isaac/IsaacLab/Environments/Grid/Materials/Textures/default_ground_plane_emissive_color.png' from '/tmp/https/omniverse-content-production.s3-us-west-2.amazonaws.com/Assets/Isaac/6.1/Isaac/IsaacLab/Environments/Grid/Materials/Textures/default_ground_plane_emissive_color.png'.
[INFO]: Loading local copy of remote asset 'https://omniverse-content-production.s3-us-west-2.amazonaws.com/Assets/Isaac/6.1/Isaac/IsaacLab/Environments/Grid/Materials/Textures/default_ground_plane_emissive_mask.png' from '/tmp/https/omniverse-content-production.s3-us-west-2.amazonaws.com/Assets/Isaac/6.1/Isaac/IsaacLab/Environments/Grid/Materials/Textures/default_ground_plane_emissive_mask.png'.
[INFO]: Registered backend 'physx' for factory Articulation.
[INFO]: Registered backend 'physx' for factory ContactSensor.
[INFO]: Registered backend 'physx' for factory RayCaster.
[INFO]: Registered backend 'physx' for factory MultiMeshRayCasterCamera.
[INFO]: Physics scene prim path: /physicsScene
[INFO]: Time taken for scene creation Last: 2.990497 s, Mean: 2.990497 s, Std: 0.000000 s, N: 1
[INFO]: Scene manager:  <class InteractiveScene>
	Number of environments: 4
	Environment spacing   : 2.5
	Source prim name      : /World/envs/env_0
	Global prim paths     : ['/World/ground']
	Replicate physics     : True
[INFO]: Simulation parameters for joints in /World/envs/env_[^/]+/Robot:
+---------------------------------------------------------------------------------------------------------------------------------------------------------------------------------+
|                                                      Simulation Joint Information (Prim path: /World/envs/env_[^/]+/Robot)                                                      |
+-------+----------------------------+-----------+---------+----------+-----------------+------------------+------------------+-----------------+-----------------+---------------+
| Index | Name                       | Stiffness | Damping | Armature | Static Friction | Dynamic Friction | Viscous Friction | Position Limits | Velocity Limits | Effort Limits |
+-------+----------------------------+-----------+---------+----------+-----------------+------------------+------------------+-----------------+-----------------+---------------+
|   0   | left_hip_pitch_joint       |  100.000  |  2.000  |  0.010   |      0.000      |      0.000       |      0.000       | [-2.531, 2.880] |      32.000     |     88.000    |
|   1   | right_hip_pitch_joint      |  100.000  |  2.000  |  0.010   |      0.000      |      0.000       |      0.000       | [-2.531, 2.880] |      32.000     |     88.000    |
|   2   | waist_yaw_joint            |  200.000  |  5.000  |  0.010   |      0.000      |      0.000       |      0.000       | [-2.618, 2.618] |      32.000     |     88.000    |
|   3   | left_hip_roll_joint        |  100.000  |  2.000  |  0.010   |      0.000      |      0.000       |      0.000       | [-0.524, 2.967] |      20.000     |    139.000    |
|   4   | right_hip_roll_joint       |  100.000  |  2.000  |  0.010   |      0.000      |      0.000       |      0.000       | [-2.967, 0.524] |      20.000     |    139.000    |
|   5   | waist_roll_joint           |   40.000  |  5.000  |  0.010   |      0.000      |      0.000       |      0.000       | [-0.520, 0.520] |      37.000     |     25.000    |
|   6   | left_hip_yaw_joint         |  100.000  |  2.000  |  0.010   |      0.000      |      0.000       |      0.000       | [-2.758, 2.758] |      32.000     |     88.000    |
|   7   | right_hip_yaw_joint        |  100.000  |  2.000  |  0.010   |      0.000      |      0.000       |      0.000       | [-2.758, 2.758] |      32.000     |     88.000    |
|   8   | waist_pitch_joint          |   40.000  |  5.000  |  0.010   |      0.000      |      0.000       |      0.000       | [-0.520, 0.520] |      37.000     |     25.000    |
|   9   | left_knee_joint            |  150.000  |  4.000  |  0.010   |      0.000      |      0.000       |      0.000       | [-0.087, 2.880] |      20.000     |    139.000    |
|   10  | right_knee_joint           |  150.000  |  4.000  |  0.010   |      0.000      |      0.000       |      0.000       | [-0.087, 2.880] |      20.000     |    139.000    |
|   11  | left_shoulder_pitch_joint  |   40.000  |  1.000  |  0.010   |      0.000      |      0.000       |      0.000       | [-3.089, 2.670] |      37.000     |     25.000    |
|   12  | right_shoulder_pitch_joint |   40.000  |  1.000  |  0.010   |      0.000      |      0.000       |      0.000       | [-3.089, 2.670] |      37.000     |     25.000    |
|   13  | left_ankle_pitch_joint     |   40.000  |  2.000  |  0.010   |      0.000      |      0.000       |      0.000       | [-0.873, 0.524] |      37.000     |     25.000    |
|   14  | right_ankle_pitch_joint    |   40.000  |  2.000  |  0.010   |      0.000      |      0.000       |      0.000       | [-0.873, 0.524] |      37.000     |     25.000    |
|   15  | left_shoulder_roll_joint   |   40.000  |  1.000  |  0.010   |      0.000      |      0.000       |      0.000       | [-1.588, 2.251] |      37.000     |     25.000    |
|   16  | right_shoulder_roll_joint  |   40.000  |  1.000  |  0.010   |      0.000      |      0.000       |      0.000       | [-2.251, 1.588] |      37.000     |     25.000    |
|   17  | left_ankle_roll_joint      |   40.000  |  2.000  |  0.010   |      0.000      |      0.000       |      0.000       | [-0.262, 0.262] |      37.000     |     25.000    |
|   18  | right_ankle_roll_joint     |   40.000  |  2.000  |  0.010   |      0.000      |      0.000       |      0.000       | [-0.262, 0.262] |      37.000     |     25.000    |
|   19  | left_shoulder_yaw_joint    |   40.000  |  1.000  |  0.010   |      0.000      |      0.000       |      0.000       | [-2.618, 2.618] |      37.000     |     25.000    |
|   20  | right_shoulder_yaw_joint   |   40.000  |  1.000  |  0.010   |      0.000      |      0.000       |      0.000       | [-2.618, 2.618] |      37.000     |     25.000    |
|   21  | left_elbow_joint           |   40.000  |  1.000  |  0.010   |      0.000      |      0.000       |      0.000       | [-1.047, 2.094] |      37.000     |     25.000    |
|   22  | right_elbow_joint          |   40.000  |  1.000  |  0.010   |      0.000      |      0.000       |      0.000       | [-1.047, 2.094] |      37.000     |     25.000    |
|   23  | left_wrist_roll_joint      |   40.000  |  1.000  |  0.010   |      0.000      |      0.000       |      0.000       | [-1.972, 1.972] |      37.000     |     25.000    |
|   24  | right_wrist_roll_joint     |   40.000  |  1.000  |  0.010   |      0.000      |      0.000       |      0.000       | [-1.972, 1.972] |      37.000     |     25.000    |
|   25  | left_wrist_pitch_joint     |   40.000  |  1.000  |  0.010   |      0.000      |      0.000       |      0.000       | [-1.614, 1.614] |      22.000     |     5.000     |
|   26  | right_wrist_pitch_joint    |   40.000  |  1.000  |  0.010   |      0.000      |      0.000       |      0.000       | [-1.614, 1.614] |      22.000     |     5.000     |
|   27  | left_wrist_yaw_joint       |   40.000  |  1.000  |  0.010   |      0.000      |      0.000       |      0.000       | [-1.614, 1.614] |      22.000     |     5.000     |
|   28  | right_wrist_yaw_joint      |   40.000  |  1.000  |  0.010   |      0.000      |      0.000       |      0.000       | [-1.614, 1.614] |      22.000     |     5.000     |
+-------+----------------------------+-----------+---------+----------+-----------------+------------------+------------------+-----------------+-----------------+---------------+
[INFO]: Created infinite plane mesh prim: /World/ground/terrain/GroundPlane/CollisionPlane.
[INFO]: Read '2' mesh prims under path '/World/ground' with 8 vertices and 4 faces.
[INFO]: Read '2' mesh prims under path '/World/envs/env_0/Robot/pelvis/visuals' with 28675 vertices and 57318 faces.
[INFO]: Read '1' mesh prims under path '/World/envs/env_0/Robot/left_hip_pitch_link/visuals' with 1811 vertices and 3632 faces.
[INFO]: Read '1' mesh prims under path '/World/envs/env_0/Robot/left_hip_roll_link/visuals' with 1925 vertices and 3842 faces.
[INFO]: Read '1' mesh prims under path '/World/envs/env_0/Robot/left_hip_yaw_link/visuals' with 2980 vertices and 5924 faces.
[INFO]: Read '1' mesh prims under path '/World/envs/env_0/Robot/left_knee_link/visuals' with 8558 vertices and 17096 faces.
[INFO]: Read '1' mesh prims under path '/World/envs/env_0/Robot/left_ankle_pitch_link/visuals' with 714 vertices and 1422 faces.
[INFO]: Read '1' mesh prims under path '/World/envs/env_0/Robot/left_ankle_roll_link/visuals' with 6543 vertices and 13066 faces.
[INFO]: Read '1' mesh prims under path '/World/envs/env_0/Robot/right_hip_pitch_link/visuals' with 1807 vertices and 3624 faces.
[INFO]: Read '1' mesh prims under path '/World/envs/env_0/Robot/right_hip_roll_link/visuals' with 1930 vertices and 3852 faces.
[INFO]: Read '1' mesh prims under path '/World/envs/env_0/Robot/right_hip_yaw_link/visuals' with 2980 vertices and 5924 faces.
[INFO]: Read '1' mesh prims under path '/World/envs/env_0/Robot/right_knee_link/visuals' with 8532 vertices and 17044 faces.
[INFO]: Read '1' mesh prims under path '/World/envs/env_0/Robot/right_ankle_pitch_link/visuals' with 714 vertices and 1422 faces.
[INFO]: Read '1' mesh prims under path '/World/envs/env_0/Robot/right_ankle_roll_link/visuals' with 6547 vertices and 13074 faces.
[INFO]: Read '1' mesh prims under path '/World/envs/env_0/Robot/waist_yaw_link/visuals' with 6046 vertices and 12398 faces.
[INFO]: Read '1' mesh prims under path '/World/envs/env_0/Robot/waist_roll_link/visuals' with 858 vertices and 1716 faces.
[INFO]: Read '3' mesh prims under path '/World/envs/env_0/Robot/torso_link/visuals' with 37451 vertices and 74930 faces.
[INFO]: Read '1' mesh prims under path '/World/envs/env_0/Robot/left_shoulder_pitch_link/visuals' with 1770 vertices and 3534 faces.
[INFO]: Read '1' mesh prims under path '/World/envs/env_0/Robot/left_shoulder_roll_link/visuals' with 4004 vertices and 8004 faces.
[INFO]: Read '1' mesh prims under path '/World/envs/env_0/Robot/left_shoulder_yaw_link/visuals' with 2492 vertices and 4982 faces.
[INFO]: Read '1' mesh prims under path '/World/envs/env_0/Robot/left_elbow_link/visuals' with 900 vertices and 1774 faces.
[INFO]: Read '1' mesh prims under path '/World/envs/env_0/Robot/left_wrist_roll_link/visuals' with 3563 vertices and 7122 faces.
[INFO]: Read '1' mesh prims under path '/World/envs/env_0/Robot/left_wrist_pitch_link/visuals' with 861 vertices and 1718 faces.
[INFO]: Read '2' mesh prims under path '/World/envs/env_0/Robot/left_wrist_yaw_link/visuals' with 26064 vertices and 52120 faces.
[INFO]: Read '1' mesh prims under path '/World/envs/env_0/Robot/right_shoulder_pitch_link/visuals' with 1770 vertices and 3534 faces.
[INFO]: Read '1' mesh prims under path '/World/envs/env_0/Robot/right_shoulder_roll_link/visuals' with 4020 vertices and 8036 faces.
[INFO]: Read '1' mesh prims under path '/World/envs/env_0/Robot/right_shoulder_yaw_link/visuals' with 2500 vertices and 4998 faces.
[INFO]: Read '1' mesh prims under path '/World/envs/env_0/Robot/right_elbow_link/visuals' with 889 vertices and 1774 faces.
[INFO]: Read '1' mesh prims under path '/World/envs/env_0/Robot/right_wrist_roll_link/visuals' with 3562 vertices and 7120 faces.
[INFO]: Read '1' mesh prims under path '/World/envs/env_0/Robot/right_wrist_pitch_link/visuals' with 797 vertices and 1590 faces.
[INFO]: Read '2' mesh prims under path '/World/envs/env_0/Robot/right_wrist_yaw_link/visuals' with 25353 vertices and 50680 faces.
[INFO]: Time taken for simulation start Last: 1.137184 s, Mean: 1.137184 s, Std: 0.000000 s, N: 1
[Motion Data Manager] Loading motion data from /home/ljc/legged_lab_v3/source/legged_lab/legged_lab/data/MotionData/g1_29dof/amp/walk_and_run/B10_-__Walk_turn_left_45_stageii.pkl...
[Motion Data Manager] Loading motion data from /home/ljc/legged_lab_v3/source/legged_lab/legged_lab/data/MotionData/g1_29dof/amp/walk_and_run/B11_-__Walk_turn_left_135_stageii.pkl...
[Motion Data Manager] Loading motion data from /home/ljc/legged_lab_v3/source/legged_lab/legged_lab/data/MotionData/g1_29dof/amp/walk_and_run/B13_-__Walk_turn_right_90_stageii.pkl...
[Motion Data Manager] Loading motion data from /home/ljc/legged_lab_v3/source/legged_lab/legged_lab/data/MotionData/g1_29dof/amp/walk_and_run/B14_-__Walk_turn_right_45_t2_stageii.pkl...
[Motion Data Manager] Loading motion data from /home/ljc/legged_lab_v3/source/legged_lab/legged_lab/data/MotionData/g1_29dof/amp/walk_and_run/B15_-__Walk_turn_around_stageii.pkl...
[Motion Data Manager] Loading motion data from /home/ljc/legged_lab_v3/source/legged_lab/legged_lab/data/MotionData/g1_29dof/amp/walk_and_run/B22_-__side_step_left_stageii.pkl...
[Motion Data Manager] Loading motion data from /home/ljc/legged_lab_v3/source/legged_lab/legged_lab/data/MotionData/g1_29dof/amp/walk_and_run/B23_-__side_step_right_stageii.pkl...
[Motion Data Manager] Loading motion data from /home/ljc/legged_lab_v3/source/legged_lab/legged_lab/data/MotionData/g1_29dof/amp/walk_and_run/B4_-_Stand_to_Walk_backwards_stageii.pkl...
[Motion Data Manager] Loading motion data from /home/ljc/legged_lab_v3/source/legged_lab/legged_lab/data/MotionData/g1_29dof/amp/walk_and_run/B9_-__Walk_turn_left_90_stageii.pkl...
[Motion Data Manager] Loading motion data from /home/ljc/legged_lab_v3/source/legged_lab/legged_lab/data/MotionData/g1_29dof/amp/walk_and_run/C11_-_run_turn_left_90_stageii.pkl...
[Motion Data Manager] Loading motion data from /home/ljc/legged_lab_v3/source/legged_lab/legged_lab/data/MotionData/g1_29dof/amp/walk_and_run/C12_-_run_turn_left_45_stageii.pkl...
[Motion Data Manager] Loading motion data from /home/ljc/legged_lab_v3/source/legged_lab/legged_lab/data/MotionData/g1_29dof/amp/walk_and_run/C13_-_run_turn_left_135_stageii.pkl...
[Motion Data Manager] Loading motion data from /home/ljc/legged_lab_v3/source/legged_lab/legged_lab/data/MotionData/g1_29dof/amp/walk_and_run/C14_-_run_turn_right_90_stageii.pkl...
[Motion Data Manager] Loading motion data from /home/ljc/legged_lab_v3/source/legged_lab/legged_lab/data/MotionData/g1_29dof/amp/walk_and_run/C15_-_run_turn_right_45_stageii.pkl...
[Motion Data Manager] Loading motion data from /home/ljc/legged_lab_v3/source/legged_lab/legged_lab/data/MotionData/g1_29dof/amp/walk_and_run/C16_-_run_turn_right_135_stageii.pkl...
[Motion Data Manager] Loading motion data from /home/ljc/legged_lab_v3/source/legged_lab/legged_lab/data/MotionData/g1_29dof/amp/walk_and_run/C17_-_run_change_direction_stageii.pkl...
[Motion Data Manager] Loading motion data from /home/ljc/legged_lab_v3/source/legged_lab/legged_lab/data/MotionData/g1_29dof/amp/walk_and_run/C1_-_stand_to_run_stageii.pkl...
[Motion Data Manager] Loading motion data from /home/ljc/legged_lab_v3/source/legged_lab/legged_lab/data/MotionData/g1_29dof/amp/walk_and_run/C3_-_run_stageii.pkl...
[Motion Data Manager] Loading motion data from /home/ljc/legged_lab_v3/source/legged_lab/legged_lab/data/MotionData/g1_29dof/amp/walk_and_run/C4_-_run_to_walk_a_stageii.pkl...
[Motion Data Manager] Loading motion data from /home/ljc/legged_lab_v3/source/legged_lab/legged_lab/data/MotionData/g1_29dof/amp/walk_and_run/C5_-_walk_to_run_stageii.pkl...
[Motion Data Manager] Loading motion data from /home/ljc/legged_lab_v3/source/legged_lab/legged_lab/data/MotionData/g1_29dof/amp/walk_and_run/C6_-_stand_to_run_backwards_stageii.pkl...
[Motion Data Manager] Loading motion data from /home/ljc/legged_lab_v3/source/legged_lab/legged_lab/data/MotionData/g1_29dof/amp/walk_and_run/C8_-_run_backwards_to_stand_stageii.pkl...
[Motion Data Manager] Loading motion data from /home/ljc/legged_lab_v3/source/legged_lab/legged_lab/data/MotionData/g1_29dof/amp/walk_and_run/C9_-_run_backwards_turn_run_forward_stageii.pkl...
[Motion Data Manager] Loading motion data from /home/ljc/legged_lab_v3/source/legged_lab/legged_lab/data/MotionData/g1_29dof/amp/walk_and_run/Walk_B10_-_Walk_turn_left_45_stageii.pkl...
[Motion Data Manager] Loading motion data from /home/ljc/legged_lab_v3/source/legged_lab/legged_lab/data/MotionData/g1_29dof/amp/walk_and_run/Walk_B13_-_Walk_turn_right_45_stageii.pkl...
[Motion Data Manager] Loading motion data from /home/ljc/legged_lab_v3/source/legged_lab/legged_lab/data/MotionData/g1_29dof/amp/walk_and_run/Walk_B15_-_Walk_turn_around_stageii.pkl...
[Motion Data Manager] Loading motion data from /home/ljc/legged_lab_v3/source/legged_lab/legged_lab/data/MotionData/g1_29dof/amp/walk_and_run/Walk_B16_-_Walk_turn_change_stageii.pkl...
[Motion Data Manager] Loading motion data from /home/ljc/legged_lab_v3/source/legged_lab/legged_lab/data/MotionData/g1_29dof/amp/walk_and_run/Walk_B22_-_Side_step_left_stageii.pkl...
[Motion Data Manager] Loading motion data from /home/ljc/legged_lab_v3/source/legged_lab/legged_lab/data/MotionData/g1_29dof/amp/walk_and_run/Walk_B23_-_Side_step_right_stageii.pkl...
[Motion Data Manager] Loading motion data from /home/ljc/legged_lab_v3/source/legged_lab/legged_lab/data/MotionData/g1_29dof/amp/walk_and_run/Walk_B4_-_Stand_to_Walk_Back_stageii.pkl...
[INFO] Motion Data Manager:  <MotionDataManager> contains 1 active terms.
+---------------------------------------------+
|          Motion Data Manager Terms          |
+-------+----------------+--------------------+
| Index | Motion Dataset |     Total Duration |
+-------+----------------+--------------------+
|   0   | motion_dataset | 156.15550231933594 |
+-------+----------------+--------------------+

[INFO] Animation Manager:  <AnimationManager> contains 1 active terms.
+--------------------------------------------------------------------------------------+
|                               Animation Manager Terms                                |
+-------+-----------+------------------+------------------+-------------+--------------+
| Index | Term Name | Motion Data Term | Num Steps to Use | Random Init | Random Fetch |
+-------+-----------+------------------+------------------+-------------+--------------+
|   0   | animation |  motion_dataset  |        4         |     True    |     True     |
+-------+-----------+------------------+------------------+-------------+--------------+

[INFO] Command Manager:  <CommandManager> contains 1 active terms.
+------------------------------------------------+
|              Active Command Terms              |
+-------+---------------+------------------------+
| Index | Name          |          Type          |
+-------+---------------+------------------------+
|   0   | base_velocity | UniformVelocityCommand |
+-------+---------------+------------------------+

[INFO] Event Manager:  <EventManager> contains 1 active terms.
+-----------------------------------+
| Active Event Terms in Mode: 'reset' |
+----------+------------------------+
|  Index   | Name                   |
+----------+------------------------+
|    0     | reset_from_ref         |
+----------+------------------------+

[INFO] Recorder Manager:  <RecorderManager> contains 0 active terms.
+---------------------+
| Active Recorder Terms |
+-----------+---------+
|   Index   | Name    |
+-----------+---------+
+-----------+---------+

[INFO]: Resolved joint names for the action term JointPositionAction: ['left_hip_pitch_joint', 'right_hip_pitch_joint', 'waist_yaw_joint', 'left_hip_roll_joint', 'right_hip_roll_joint', 'waist_roll_joint', 'left_hip_yaw_joint', 'right_hip_yaw_joint', 'waist_pitch_joint', 'left_knee_joint', 'right_knee_joint', 'left_shoulder_pitch_joint', 'right_shoulder_pitch_joint', 'left_ankle_pitch_joint', 'right_ankle_pitch_joint', 'left_shoulder_roll_joint', 'right_shoulder_roll_joint', 'left_ankle_roll_joint', 'right_ankle_roll_joint', 'left_shoulder_yaw_joint', 'right_shoulder_yaw_joint', 'left_elbow_joint', 'right_elbow_joint', 'left_wrist_roll_joint', 'right_wrist_roll_joint', 'left_wrist_pitch_joint', 'right_wrist_pitch_joint', 'left_wrist_yaw_joint', 'right_wrist_yaw_joint'] [tensor([ 0,  1,  2,  3,  4,  5,  6,  7,  8,  9, 10, 11, 12, 13, 14, 15, 16, 17,
        18, 19, 20, 21, 22, 23, 24, 25, 26, 27, 28], device='cuda:0',
       dtype=torch.int32)]
[INFO] Action Manager:  <ActionManager> contains 1 active terms.
+------------------------------------+
|  Active Action Terms (shape: 29)   |
+--------+-------------+-------------+
| Index  | Name        |   Dimension |
+--------+-------------+-------------+
|   0    | joint_pos   |          29 |
+--------+-------------+-------------+

[INFO] Observation Manager: <ObservationManager> contains 5 groups.
+------------------------------------------------------------+
| Active Observation Terms in Group: 'policy' (shape: (495,)) |
+----------+-------------------------------------+-----------+
|  Index   | Name                                |   Shape   |
+----------+-------------------------------------+-----------+
|    0     | base_ang_vel                        |   (15,)   |
|    1     | root_local_rot_tan_norm             |   (30,)   |
|    2     | velocity_commands                   |   (15,)   |
|    3     | joint_pos                           |   (145,)  |
|    4     | joint_vel                           |   (145,)  |
|    5     | actions                             |   (145,)  |
+----------+-------------------------------------+-----------+
+------------------------------------------------------------+
| Active Observation Terms in Group: 'critic' (shape: (600,)) |
+----------+-------------------------------------+-----------+
|  Index   | Name                                |   Shape   |
+----------+-------------------------------------+-----------+
|    0     | base_lin_vel                        |   (15,)   |
|    1     | base_ang_vel                        |   (15,)   |
|    2     | root_local_rot_tan_norm             |   (30,)   |
|    3     | velocity_commands                   |   (15,)   |
|    4     | joint_pos                           |   (145,)  |
|    5     | joint_vel                           |   (145,)  |
|    6     | actions                             |   (145,)  |
|    7     | key_body_pos_b                      |   (90,)   |
+----------+-------------------------------------+-----------+
+--------------------------------------------------------+
| Active Observation Terms in Group: 'disc' (shape: (4, 61)) |
+------------+--------------------------+----------------+
|   Index    | Name                     |     Shape      |
+------------+--------------------------+----------------+
|     0      | base_ang_vel             |     (4, 3)     |
|     1      | joint_pos                |    (4, 29)     |
|     2      | joint_vel                |    (4, 29)     |
+------------+--------------------------+----------------+
+--------------------------------------------------------------+
| Active Observation Terms in Group: 'disc_demo' (shape: (4, 61)) |
+-----------+----------------------------------+---------------+
|   Index   | Name                             |     Shape     |
+-----------+----------------------------------+---------------+
|     0     | ref_root_ang_vel_b               |     (4, 3)    |
|     1     | ref_joint_pos                    |    (4, 29)    |
|     2     | ref_joint_vel                    |    (4, 29)    |
+-----------+----------------------------------+---------------+
+----------------------------------------------------------+
| Active Observation Terms in Group: 'depth' (shape: (8, 18, 32)) |
+--------------+--------------+----------------------------+
|    Index     | Name         |           Shape            |
+--------------+--------------+----------------------------+
|      0       | image        |        (8, 18, 32)         |
+--------------+--------------+----------------------------+

[INFO] Termination Manager:  <TerminationManager> contains 3 active terms.
+---------------------------------+
|     Active Termination Terms    |
+-------+--------------+----------+
| Index | Name         | Time Out |
+-------+--------------+----------+
|   0   | time_out     |   True   |
|   1   | base_contact |  False   |
|   2   | base_height  |  False   |
+-------+--------------+----------+

[INFO] Reward Manager:  <RewardManager> contains 17 active terms.
+--------------------------------------------+
|            Active Reward Terms             |
+-------+------------------------+-----------+
| Index | Name                   |    Weight |
+-------+------------------------+-----------+
|   0   | track_lin_vel_xy_exp   |       1.0 |
|   1   | track_ang_vel_z_exp    |       2.0 |
|   2   | flat_orientation_l2    |      -1.0 |
|   3   | lin_vel_z_l2           |      -0.2 |
|   4   | ang_vel_xy_l2          |     -0.05 |
|   5   | dof_torques_l2         |  -1.5e-07 |
|   6   | dof_acc_l2             | -1.25e-07 |
|   7   | action_rate_l2         |    -0.005 |
|   8   | dof_pos_limits         |      -1.0 |
|   9   | joint_deviation_hip    |      -0.1 |
|   10  | joint_deviation_arms   |     -0.05 |
|   11  | joint_deviation_waist  |      -0.1 |
|   12  | feet_air_time          |      0.25 |
|   13  | feet_slide             |      -0.1 |
|   14  | undesired_arm_contacts |      -1.0 |
|   15  | termination_penalty    |    -200.0 |
|   16  | dont_wait              |      -0.5 |
+-------+------------------------+-----------+

[INFO] Curriculum Manager:  <CurriculumManager> contains 0 active terms.
+----------------------+
| Active Curriculum Terms |
+-----------+----------+
|   Index   | Name     |
+-----------+----------+
+-----------+----------+

[INFO]: Completed setting up the environment...
{
  "symmetric_default": {
    "depth_camera": {
      "hits": {
        "ground/nohit": 2304
      },
      "cropped_hits": {
        "ground/nohit": 576
      },
      "raw_mirror_mae_m": 0.017758307978510857,
      "near_body_pixels": 0,
      "mesh_pose_body_order": {
        "1": "pelvis",
        "2": "left_wrist_yaw_link",
        "3": "right_elbow_link",
        "4": "left_wrist_roll_link",
        "5": "left_hip_pitch_link",
        "6": "left_wrist_yaw_link",
        "7": "left_elbow_link",
        "8": "left_wrist_roll_link",
        "9": "left_hip_roll_link",
        "10": "left_wrist_yaw_link",
        "11": "left_elbow_link",
        "12": "left_wrist_roll_link",
        "13": "left_hip_yaw_link",
        "14": "left_wrist_yaw_link",
        "15": "left_elbow_link",
        "16": "left_wrist_yaw_link",
        "17": "left_knee_link",
        "18": "left_wrist_yaw_link",
        "19": "left_ankle_pitch_link",
        "20": "left_wrist_yaw_link",
        "21": "left_ankle_pitch_link",
        "22": "left_wrist_yaw_link",
        "23": "left_ankle_pitch_link",
        "24": "left_ankle_pitch_link",
        "25": "left_ankle_roll_link",
        "26": "left_wrist_yaw_link",
        "27": "left_ankle_roll_link",
        "28": "left_ankle_roll_link",
        "29": "right_hip_pitch_link",
        "30": "left_wrist_yaw_link"
      },
      "max_pose_match_error": 3.535533905029297,
      "camera_pos": [
        [
          1.2948354482650757,
          -1.2400000095367432,
          1.2816648483276367
        ],
        [
          1.2948354482650757,
          1.2599999904632568,
          1.2816648483276367
        ],
        [
          -1.2051645517349243,
          -1.2400000095367432,
          1.2816648483276367
        ],
        [
          -1.2051645517349243,
          1.2599999904632568,
          1.2816648483276367
        ]
      ],
      "torso_pos": [
        1.2460365295410156,
        -1.25,
        0.8438620567321777
      ],
      "offset_pos": [
        [
          0.04879886656999588,
          0.009999999776482582,
          0.4378030002117157
        ],
        [
          0.04879886656999588,
          0.009999999776482582,
          0.4378030002117157
        ],
        [
          0.04879886656999588,
          0.009999999776482582,
          0.4378030002117157
        ],
        [
          0.04879886656999588,
          0.009999999776482582,
          0.4378030002117157
        ]
      ],
      "offset_rot": [
        [
          0.004363302607089281,
          0.40673601627349854,
          0.0,
          0.9135352969169617
        ],
        [
          0.004363302607089281,
          0.40673601627349854,
          0.0,
          0.9135352969169617
        ],
        [
          0.004363302607089281,
          0.40673601627349854,
          0.0,
          0.9135352969169617
        ],
        [
          0.004363302607089281,
          0.40673601627349854,
          0.0,
          0.9135352969169617
        ]
      ],
      "camera_path": "/World/envs/env_[^/]+/Robot/torso_link",
      "raw_min": 1.1508643627166748,
      "raw_max": 2.5,
      "view_paths": [
        "/World/envs/env_0/Robot/pelvis",
        "/World/envs/env_1/Robot/pelvis",
        "/World/envs/env_2/Robot/pelvis",
        "/World/envs/env_3/Robot/pelvis",
        "/World/envs/env_0/Robot/left_hip_pitch_link",
        "/World/envs/env_1/Robot/left_hip_pitch_link",
        "/World/envs/env_2/Robot/left_hip_pitch_link",
        "/World/envs/env_3/Robot/left_hip_pitch_link",
        "/World/envs/env_0/Robot/left_hip_roll_link",
        "/World/envs/env_1/Robot/left_hip_roll_link",
        "/World/envs/env_2/Robot/left_hip_roll_link",
        "/World/envs/env_3/Robot/left_hip_roll_link",
        "/World/envs/env_0/Robot/left_hip_yaw_link",
        "/World/envs/env_1/Robot/left_hip_yaw_link",
        "/World/envs/env_2/Robot/left_hip_yaw_link",
        "/World/envs/env_3/Robot/left_hip_yaw_link",
        "/World/envs/env_0/Robot/left_knee_link",
        "/World/envs/env_1/Robot/left_knee_link",
        "/World/envs/env_2/Robot/left_knee_link",
        "/World/envs/env_3/Robot/left_knee_link",
        "/World/envs/env_0/Robot/left_ankle_pitch_link",
        "/World/envs/env_1/Robot/left_ankle_pitch_link",
        "/World/envs/env_2/Robot/left_ankle_pitch_link",
        "/World/envs/env_3/Robot/left_ankle_pitch_link",
        "/World/envs/env_0/Robot/left_ankle_roll_link",
        "/World/envs/env_1/Robot/left_ankle_roll_link",
        "/World/envs/env_2/Robot/left_ankle_roll_link",
        "/World/envs/env_3/Robot/left_ankle_roll_link",
        "/World/envs/env_0/Robot/right_hip_pitch_link",
        "/World/envs/env_1/Robot/right_hip_pitch_link",
        "/World/envs/env_2/Robot/right_hip_pitch_link",
        "/World/envs/env_3/Robot/right_hip_pitch_link",
        "/World/envs/env_0/Robot/right_hip_roll_link",
        "/World/envs/env_1/Robot/right_hip_roll_link",
        "/World/envs/env_2/Robot/right_hip_roll_link",
        "/World/envs/env_3/Robot/right_hip_roll_link",
        "/World/envs/env_0/Robot/right_hip_yaw_link",
        "/World/envs/env_1/Robot/right_hip_yaw_link",
        "/World/envs/env_2/Robot/right_hip_yaw_link",
        "/World/envs/env_3/Robot/right_hip_yaw_link",
        "/World/envs/env_0/Robot/right_knee_link",
        "/World/envs/env_1/Robot/right_knee_link",
        "/World/envs/env_2/Robot/right_knee_link",
        "/World/envs/env_3/Robot/right_knee_link",
        "/World/envs/env_0/Robot/right_ankle_pitch_link",
        "/World/envs/env_1/Robot/right_ankle_pitch_link",
        "/World/envs/env_2/Robot/right_ankle_pitch_link",
        "/World/envs/env_3/Robot/right_ankle_pitch_link",
        "/World/envs/env_0/Robot/right_ankle_roll_link",
        "/World/envs/env_1/Robot/right_ankle_roll_link",
        "/World/envs/env_2/Robot/right_ankle_roll_link",
        "/World/envs/env_3/Robot/right_ankle_roll_link",
        "/World/envs/env_0/Robot/waist_yaw_link",
        "/World/envs/env_1/Robot/waist_yaw_link",
        "/World/envs/env_2/Robot/waist_yaw_link",
        "/World/envs/env_3/Robot/waist_yaw_link",
        "/World/envs/env_0/Robot/waist_roll_link",
        "/World/envs/env_1/Robot/waist_roll_link",
        "/World/envs/env_2/Robot/waist_roll_link",
        "/World/envs/env_3/Robot/waist_roll_link",
        "/World/envs/env_0/Robot/torso_link",
        "/World/envs/env_1/Robot/torso_link",
        "/World/envs/env_2/Robot/torso_link",
        "/World/envs/env_3/Robot/torso_link",
        "/World/envs/env_0/Robot/left_shoulder_pitch_link",
        "/World/envs/env_1/Robot/left_shoulder_pitch_link",
        "/World/envs/env_2/Robot/left_shoulder_pitch_link",
        "/World/envs/env_3/Robot/left_shoulder_pitch_link",
        "/World/envs/env_0/Robot/left_shoulder_roll_link",
        "/World/envs/env_1/Robot/left_shoulder_roll_link",
        "/World/envs/env_2/Robot/left_shoulder_roll_link",
        "/World/envs/env_3/Robot/left_shoulder_roll_link",
        "/World/envs/env_0/Robot/left_shoulder_yaw_link",
        "/World/envs/env_1/Robot/left_shoulder_yaw_link",
        "/World/envs/env_2/Robot/left_shoulder_yaw_link",
        "/World/envs/env_3/Robot/left_shoulder_yaw_link",
        "/World/envs/env_0/Robot/left_elbow_link",
        "/World/envs/env_1/Robot/left_elbow_link",
        "/World/envs/env_2/Robot/left_elbow_link",
        "/World/envs/env_3/Robot/left_elbow_link",
        "/World/envs/env_0/Robot/left_wrist_roll_link",
        "/World/envs/env_1/Robot/left_wrist_roll_link",
        "/World/envs/env_2/Robot/left_wrist_roll_link",
        "/World/envs/env_3/Robot/left_wrist_roll_link",
        "/World/envs/env_0/Robot/left_wrist_pitch_link",
        "/World/envs/env_1/Robot/left_wrist_pitch_link",
        "/World/envs/env_2/Robot/left_wrist_pitch_link",
        "/World/envs/env_3/Robot/left_wrist_pitch_link",
        "/World/envs/env_0/Robot/left_wrist_yaw_link",
        "/World/envs/env_1/Robot/left_wrist_yaw_link",
        "/World/envs/env_2/Robot/left_wrist_yaw_link",
        "/World/envs/env_3/Robot/left_wrist_yaw_link",
        "/World/envs/env_0/Robot/right_shoulder_pitch_link",
        "/World/envs/env_1/Robot/right_shoulder_pitch_link",
        "/World/envs/env_2/Robot/right_shoulder_pitch_link",
        "/World/envs/env_3/Robot/right_shoulder_pitch_link",
        "/World/envs/env_0/Robot/right_shoulder_roll_link",
        "/World/envs/env_1/Robot/right_shoulder_roll_link",
        "/World/envs/env_2/Robot/right_shoulder_roll_link",
        "/World/envs/env_3/Robot/right_shoulder_roll_link",
        "/World/envs/env_0/Robot/right_shoulder_yaw_link",
        "/World/envs/env_1/Robot/right_shoulder_yaw_link",
        "/World/envs/env_2/Robot/right_shoulder_yaw_link",
        "/World/envs/env_3/Robot/right_shoulder_yaw_link",
        "/World/envs/env_0/Robot/right_elbow_link",
        "/World/envs/env_1/Robot/right_elbow_link",
        "/World/envs/env_2/Robot/right_elbow_link",
        "/World/envs/env_3/Robot/right_elbow_link",
        "/World/envs/env_0/Robot/right_wrist_roll_link",
        "/World/envs/env_1/Robot/right_wrist_roll_link",
        "/World/envs/env_2/Robot/right_wrist_roll_link",
        "/World/envs/env_3/Robot/right_wrist_roll_link",
        "/World/envs/env_0/Robot/right_wrist_pitch_link",
        "/World/envs/env_1/Robot/right_wrist_pitch_link",
        "/World/envs/env_2/Robot/right_wrist_pitch_link",
        "/World/envs/env_3/Robot/right_wrist_pitch_link",
        "/World/envs/env_0/Robot/right_wrist_yaw_link",
        "/World/envs/env_1/Robot/right_wrist_yaw_link",
        "/World/envs/env_2/Robot/right_wrist_yaw_link",
        "/World/envs/env_3/Robot/right_wrist_yaw_link"
      ]
    },
    "center_camera": {
      "hits": {
        "ground/nohit": 2304
      },
      "cropped_hits": {
        "ground/nohit": 576
      },
      "raw_mirror_mae_m": 0.005889849737286568,
      "near_body_pixels": 0,
      "mesh_pose_body_order": {
        "1": "pelvis",
        "2": "left_wrist_yaw_link",
        "3": "right_elbow_link",
        "4": "left_wrist_roll_link",
        "5": "left_hip_pitch_link",
        "6": "left_wrist_yaw_link",
        "7": "left_elbow_link",
        "8": "left_wrist_roll_link",
        "9": "left_hip_roll_link",
        "10": "left_wrist_yaw_link",
        "11": "left_elbow_link",
        "12": "left_wrist_roll_link",
        "13": "left_hip_yaw_link",
        "14": "left_wrist_yaw_link",
        "15": "left_elbow_link",
        "16": "left_wrist_yaw_link",
        "17": "left_knee_link",
        "18": "left_wrist_yaw_link",
        "19": "left_ankle_pitch_link",
        "20": "left_wrist_yaw_link",
        "21": "left_ankle_pitch_link",
        "22": "left_wrist_yaw_link",
        "23": "left_ankle_pitch_link",
        "24": "left_ankle_pitch_link",
        "25": "left_ankle_roll_link",
        "26": "left_wrist_yaw_link",
        "27": "left_ankle_roll_link",
        "28": "left_ankle_roll_link",
        "29": "right_hip_pitch_link",
        "30": "left_wrist_yaw_link"
      },
      "max_pose_match_error": 3.535533905029297,
      "camera_pos": [
        [
          1.2948354482650757,
          -1.25,
          1.2816648483276367
        ],
        [
          1.2948354482650757,
          1.25,
          1.2816648483276367
        ],
        [
          -1.2051645517349243,
          -1.25,
          1.2816648483276367
        ],
        [
          -1.2051645517349243,
          1.25,
          1.2816648483276367
        ]
      ],
      "torso_pos": [
        1.2460365295410156,
        -1.25,
        0.8438620567321777
      ],
      "offset_pos": [
        [
          0.04879886656999588,
          0.0,
          0.4378030002117157
        ],
        [
          0.04879886656999588,
          0.0,
          0.4378030002117157
        ],
        [
          0.04879886656999588,
          0.0,
          0.4378030002117157
        ],
        [
          0.04879886656999588,
          0.0,
          0.4378030002117157
        ]
      ],
      "offset_rot": [
        [
          0.0,
          0.4067366421222687,
          0.0,
          0.9135454297065735
        ],
        [
          0.0,
          0.4067366421222687,
          0.0,
          0.9135454297065735
        ],
        [
          0.0,
          0.4067366421222687,
          0.0,
          0.9135454297065735
        ],
        [
          0.0,
          0.4067366421222687,
          0.0,
          0.9135454297065735
        ]
      ],
      "camera_path": "/World/envs/env_[^/]+/Robot/torso_link",
      "raw_min": 1.1589305400848389,
      "raw_max": 2.5,
      "view_paths": [
        "/World/envs/env_0/Robot/pelvis",
        "/World/envs/env_1/Robot/pelvis",
        "/World/envs/env_2/Robot/pelvis",
        "/World/envs/env_3/Robot/pelvis",
        "/World/envs/env_0/Robot/left_hip_pitch_link",
        "/World/envs/env_1/Robot/left_hip_pitch_link",
        "/World/envs/env_2/Robot/left_hip_pitch_link",
        "/World/envs/env_3/Robot/left_hip_pitch_link",
        "/World/envs/env_0/Robot/left_hip_roll_link",
        "/World/envs/env_1/Robot/left_hip_roll_link",
        "/World/envs/env_2/Robot/left_hip_roll_link",
        "/World/envs/env_3/Robot/left_hip_roll_link",
        "/World/envs/env_0/Robot/left_hip_yaw_link",
        "/World/envs/env_1/Robot/left_hip_yaw_link",
        "/World/envs/env_2/Robot/left_hip_yaw_link",
        "/World/envs/env_3/Robot/left_hip_yaw_link",
        "/World/envs/env_0/Robot/left_knee_link",
        "/World/envs/env_1/Robot/left_knee_link",
        "/World/envs/env_2/Robot/left_knee_link",
        "/World/envs/env_3/Robot/left_knee_link",
        "/World/envs/env_0/Robot/left_ankle_pitch_link",
        "/World/envs/env_1/Robot/left_ankle_pitch_link",
        "/World/envs/env_2/Robot/left_ankle_pitch_link",
        "/World/envs/env_3/Robot/left_ankle_pitch_link",
        "/World/envs/env_0/Robot/left_ankle_roll_link",
        "/World/envs/env_1/Robot/left_ankle_roll_link",
        "/World/envs/env_2/Robot/left_ankle_roll_link",
        "/World/envs/env_3/Robot/left_ankle_roll_link",
        "/World/envs/env_0/Robot/right_hip_pitch_link",
        "/World/envs/env_1/Robot/right_hip_pitch_link",
        "/World/envs/env_2/Robot/right_hip_pitch_link",
        "/World/envs/env_3/Robot/right_hip_pitch_link",
        "/World/envs/env_0/Robot/right_hip_roll_link",
        "/World/envs/env_1/Robot/right_hip_roll_link",
        "/World/envs/env_2/Robot/right_hip_roll_link",
        "/World/envs/env_3/Robot/right_hip_roll_link",
        "/World/envs/env_0/Robot/right_hip_yaw_link",
        "/World/envs/env_1/Robot/right_hip_yaw_link",
        "/World/envs/env_2/Robot/right_hip_yaw_link",
        "/World/envs/env_3/Robot/right_hip_yaw_link",
        "/World/envs/env_0/Robot/right_knee_link",
        "/World/envs/env_1/Robot/right_knee_link",
        "/World/envs/env_2/Robot/right_knee_link",
        "/World/envs/env_3/Robot/right_knee_link",
        "/World/envs/env_0/Robot/right_ankle_pitch_link",
        "/World/envs/env_1/Robot/right_ankle_pitch_link",
        "/World/envs/env_2/Robot/right_ankle_pitch_link",
        "/World/envs/env_3/Robot/right_ankle_pitch_link",
        "/World/envs/env_0/Robot/right_ankle_roll_link",
        "/World/envs/env_1/Robot/right_ankle_roll_link",
        "/World/envs/env_2/Robot/right_ankle_roll_link",
        "/World/envs/env_3/Robot/right_ankle_roll_link",
        "/World/envs/env_0/Robot/waist_yaw_link",
        "/World/envs/env_1/Robot/waist_yaw_link",
        "/World/envs/env_2/Robot/waist_yaw_link",
        "/World/envs/env_3/Robot/waist_yaw_link",
        "/World/envs/env_0/Robot/waist_roll_link",
        "/World/envs/env_1/Robot/waist_roll_link",
        "/World/envs/env_2/Robot/waist_roll_link",
        "/World/envs/env_3/Robot/waist_roll_link",
        "/World/envs/env_0/Robot/torso_link",
        "/World/envs/env_1/Robot/torso_link",
        "/World/envs/env_2/Robot/torso_link",
        "/World/envs/env_3/Robot/torso_link",
        "/World/envs/env_0/Robot/left_shoulder_pitch_link",
        "/World/envs/env_1/Robot/left_shoulder_pitch_link",
        "/World/envs/env_2/Robot/left_shoulder_pitch_link",
        "/World/envs/env_3/Robot/left_shoulder_pitch_link",
        "/World/envs/env_0/Robot/left_shoulder_roll_link",
        "/World/envs/env_1/Robot/left_shoulder_roll_link",
        "/World/envs/env_2/Robot/left_shoulder_roll_link",
        "/World/envs/env_3/Robot/left_shoulder_roll_link",
        "/World/envs/env_0/Robot/left_shoulder_yaw_link",
        "/World/envs/env_1/Robot/left_shoulder_yaw_link",
        "/World/envs/env_2/Robot/left_shoulder_yaw_link",
        "/World/envs/env_3/Robot/left_shoulder_yaw_link",
        "/World/envs/env_0/Robot/left_elbow_link",
        "/World/envs/env_1/Robot/left_elbow_link",
        "/World/envs/env_2/Robot/left_elbow_link",
        "/World/envs/env_3/Robot/left_elbow_link",
        "/World/envs/env_0/Robot/left_wrist_roll_link",
        "/World/envs/env_1/Robot/left_wrist_roll_link",
        "/World/envs/env_2/Robot/left_wrist_roll_link",
        "/World/envs/env_3/Robot/left_wrist_roll_link",
        "/World/envs/env_0/Robot/left_wrist_pitch_link",
        "/World/envs/env_1/Robot/left_wrist_pitch_link",
        "/World/envs/env_2/Robot/left_wrist_pitch_link",
        "/World/envs/env_3/Robot/left_wrist_pitch_link",
        "/World/envs/env_0/Robot/left_wrist_yaw_link",
        "/World/envs/env_1/Robot/left_wrist_yaw_link",
        "/World/envs/env_2/Robot/left_wrist_yaw_link",
        "/World/envs/env_3/Robot/left_wrist_yaw_link",
        "/World/envs/env_0/Robot/right_shoulder_pitch_link",
        "/World/envs/env_1/Robot/right_shoulder_pitch_link",
        "/World/envs/env_2/Robot/right_shoulder_pitch_link",
        "/World/envs/env_3/Robot/right_shoulder_pitch_link",
        "/World/envs/env_0/Robot/right_shoulder_roll_link",
        "/World/envs/env_1/Robot/right_shoulder_roll_link",
        "/World/envs/env_2/Robot/right_shoulder_roll_link",
        "/World/envs/env_3/Robot/right_shoulder_roll_link",
        "/World/envs/env_0/Robot/right_shoulder_yaw_link",
        "/World/envs/env_1/Robot/right_shoulder_yaw_link",
        "/World/envs/env_2/Robot/right_shoulder_yaw_link",
        "/World/envs/env_3/Robot/right_shoulder_yaw_link",
        "/World/envs/env_0/Robot/right_elbow_link",
        "/World/envs/env_1/Robot/right_elbow_link",
        "/World/envs/env_2/Robot/right_elbow_link",
        "/World/envs/env_3/Robot/right_elbow_link",
        "/World/envs/env_0/Robot/right_wrist_roll_link",
        "/World/envs/env_1/Robot/right_wrist_roll_link",
        "/World/envs/env_2/Robot/right_wrist_roll_link",
        "/World/envs/env_3/Robot/right_wrist_roll_link",
        "/World/envs/env_0/Robot/right_wrist_pitch_link",
        "/World/envs/env_1/Robot/right_wrist_pitch_link",
        "/World/envs/env_2/Robot/right_wrist_pitch_link",
        "/World/envs/env_3/Robot/right_wrist_pitch_link",
        "/World/envs/env_0/Robot/right_wrist_yaw_link",
        "/World/envs/env_1/Robot/right_wrist_yaw_link",
        "/World/envs/env_2/Robot/right_wrist_yaw_link",
        "/World/envs/env_3/Robot/right_wrist_yaw_link"
      ]
    }
  },
  "symmetric_forward": {
    "depth_camera": {
      "hits": {
        "ground/nohit": 2304
      },
      "cropped_hits": {
        "ground/nohit": 576
      },
      "raw_mirror_mae_m": 0.017758307978510857,
      "near_body_pixels": 0,
      "mesh_pose_body_order": {
        "1": "pelvis",
        "2": "left_wrist_roll_link",
        "3": "waist_roll_link",
        "4": "left_shoulder_roll_link",
        "5": "left_hip_pitch_link",
        "6": "left_wrist_roll_link",
        "7": "left_hip_pitch_link",
        "8": "left_hip_roll_link",
        "9": "left_hip_roll_link",
        "10": "left_wrist_roll_link",
        "11": "left_hip_pitch_link",
        "12": "left_hip_roll_link",
        "13": "left_hip_yaw_link",
        "14": "left_wrist_pitch_link",
        "15": "left_hip_pitch_link",
        "16": "left_hip_roll_link",
        "17": "left_knee_link",
        "18": "left_knee_link",
        "19": "left_ankle_pitch_link",
        "20": "left_ankle_pitch_link",
        "21": "left_ankle_pitch_link",
        "22": "left_ankle_pitch_link",
        "23": "left_ankle_pitch_link",
        "24": "left_ankle_pitch_link",
        "25": "left_ankle_roll_link",
        "26": "left_ankle_roll_link",
        "27": "left_ankle_roll_link",
        "28": "left_ankle_roll_link",
        "29": "right_hip_pitch_link",
        "30": "left_wrist_roll_link"
      },
      "max_pose_match_error": 3.535533905029297,
      "camera_pos": [
        [
          1.2948354482650757,
          -1.2400000095367432,
          1.2816648483276367
        ],
        [
          1.2948354482650757,
          1.2599999904632568,
          1.2816648483276367
        ],
        [
          -1.2051645517349243,
          -1.2400000095367432,
          1.2816648483276367
        ],
        [
          -1.2051645517349243,
          1.2599999904632568,
          1.2816648483276367
        ]
      ],
      "torso_pos": [
        1.2460365295410156,
        -1.25,
        0.8438620567321777
      ],
      "offset_pos": [
        [
          0.04879886656999588,
          0.009999999776482582,
          0.4378030002117157
        ],
        [
          0.04879886656999588,
          0.009999999776482582,
          0.4378030002117157
        ],
        [
          0.04879886656999588,
          0.009999999776482582,
          0.4378030002117157
        ],
        [
          0.04879886656999588,
          0.009999999776482582,
          0.4378030002117157
        ]
      ],
      "offset_rot": [
        [
          0.004363302607089281,
          0.40673601627349854,
          0.0,
          0.9135352969169617
        ],
        [
          0.004363302607089281,
          0.40673601627349854,
          0.0,
          0.9135352969169617
        ],
        [
          0.004363302607089281,
          0.40673601627349854,
          0.0,
          0.9135352969169617
        ],
        [
          0.004363302607089281,
          0.40673601627349854,
          0.0,
          0.9135352969169617
        ]
      ],
      "camera_path": "/World/envs/env_[^/]+/Robot/torso_link",
      "raw_min": 1.1508643627166748,
      "raw_max": 2.5,
      "view_paths": [
        "/World/envs/env_0/Robot/pelvis",
        "/World/envs/env_1/Robot/pelvis",
        "/World/envs/env_2/Robot/pelvis",
        "/World/envs/env_3/Robot/pelvis",
        "/World/envs/env_0/Robot/left_hip_pitch_link",
        "/World/envs/env_1/Robot/left_hip_pitch_link",
        "/World/envs/env_2/Robot/left_hip_pitch_link",
        "/World/envs/env_3/Robot/left_hip_pitch_link",
        "/World/envs/env_0/Robot/left_hip_roll_link",
        "/World/envs/env_1/Robot/left_hip_roll_link",
        "/World/envs/env_2/Robot/left_hip_roll_link",
        "/World/envs/env_3/Robot/left_hip_roll_link",
        "/World/envs/env_0/Robot/left_hip_yaw_link",
        "/World/envs/env_1/Robot/left_hip_yaw_link",
        "/World/envs/env_2/Robot/left_hip_yaw_link",
        "/World/envs/env_3/Robot/left_hip_yaw_link",
        "/World/envs/env_0/Robot/left_knee_link",
        "/World/envs/env_1/Robot/left_knee_link",
        "/World/envs/env_2/Robot/left_knee_link",
        "/World/envs/env_3/Robot/left_knee_link",
        "/World/envs/env_0/Robot/left_ankle_pitch_link",
        "/World/envs/env_1/Robot/left_ankle_pitch_link",
        "/World/envs/env_2/Robot/left_ankle_pitch_link",
        "/World/envs/env_3/Robot/left_ankle_pitch_link",
        "/World/envs/env_0/Robot/left_ankle_roll_link",
        "/World/envs/env_1/Robot/left_ankle_roll_link",
        "/World/envs/env_2/Robot/left_ankle_roll_link",
        "/World/envs/env_3/Robot/left_ankle_roll_link",
        "/World/envs/env_0/Robot/right_hip_pitch_link",
        "/World/envs/env_1/Robot/right_hip_pitch_link",
        "/World/envs/env_2/Robot/right_hip_pitch_link",
        "/World/envs/env_3/Robot/right_hip_pitch_link",
        "/World/envs/env_0/Robot/right_hip_roll_link",
        "/World/envs/env_1/Robot/right_hip_roll_link",
        "/World/envs/env_2/Robot/right_hip_roll_link",
        "/World/envs/env_3/Robot/right_hip_roll_link",
        "/World/envs/env_0/Robot/right_hip_yaw_link",
        "/World/envs/env_1/Robot/right_hip_yaw_link",
        "/World/envs/env_2/Robot/right_hip_yaw_link",
        "/World/envs/env_3/Robot/right_hip_yaw_link",
        "/World/envs/env_0/Robot/right_knee_link",
        "/World/envs/env_1/Robot/right_knee_link",
        "/World/envs/env_2/Robot/right_knee_link",
        "/World/envs/env_3/Robot/right_knee_link",
        "/World/envs/env_0/Robot/right_ankle_pitch_link",
        "/World/envs/env_1/Robot/right_ankle_pitch_link",
        "/World/envs/env_2/Robot/right_ankle_pitch_link",
        "/World/envs/env_3/Robot/right_ankle_pitch_link",
        "/World/envs/env_0/Robot/right_ankle_roll_link",
        "/World/envs/env_1/Robot/right_ankle_roll_link",
        "/World/envs/env_2/Robot/right_ankle_roll_link",
        "/World/envs/env_3/Robot/right_ankle_roll_link",
        "/World/envs/env_0/Robot/waist_yaw_link",
        "/World/envs/env_1/Robot/waist_yaw_link",
        "/World/envs/env_2/Robot/waist_yaw_link",
        "/World/envs/env_3/Robot/waist_yaw_link",
        "/World/envs/env_0/Robot/waist_roll_link",
        "/World/envs/env_1/Robot/waist_roll_link",
        "/World/envs/env_2/Robot/waist_roll_link",
        "/World/envs/env_3/Robot/waist_roll_link",
        "/World/envs/env_0/Robot/torso_link",
        "/World/envs/env_1/Robot/torso_link",
        "/World/envs/env_2/Robot/torso_link",
        "/World/envs/env_3/Robot/torso_link",
        "/World/envs/env_0/Robot/left_shoulder_pitch_link",
        "/World/envs/env_1/Robot/left_shoulder_pitch_link",
        "/World/envs/env_2/Robot/left_shoulder_pitch_link",
        "/World/envs/env_3/Robot/left_shoulder_pitch_link",
        "/World/envs/env_0/Robot/left_shoulder_roll_link",
        "/World/envs/env_1/Robot/left_shoulder_roll_link",
        "/World/envs/env_2/Robot/left_shoulder_roll_link",
        "/World/envs/env_3/Robot/left_shoulder_roll_link",
        "/World/envs/env_0/Robot/left_shoulder_yaw_link",
        "/World/envs/env_1/Robot/left_shoulder_yaw_link",
        "/World/envs/env_2/Robot/left_shoulder_yaw_link",
        "/World/envs/env_3/Robot/left_shoulder_yaw_link",
        "/World/envs/env_0/Robot/left_elbow_link",
        "/World/envs/env_1/Robot/left_elbow_link",
        "/World/envs/env_2/Robot/left_elbow_link",
        "/World/envs/env_3/Robot/left_elbow_link",
        "/World/envs/env_0/Robot/left_wrist_roll_link",
        "/World/envs/env_1/Robot/left_wrist_roll_link",
        "/World/envs/env_2/Robot/left_wrist_roll_link",
        "/World/envs/env_3/Robot/left_wrist_roll_link",
        "/World/envs/env_0/Robot/left_wrist_pitch_link",
        "/World/envs/env_1/Robot/left_wrist_pitch_link",
        "/World/envs/env_2/Robot/left_wrist_pitch_link",
        "/World/envs/env_3/Robot/left_wrist_pitch_link",
        "/World/envs/env_0/Robot/left_wrist_yaw_link",
        "/World/envs/env_1/Robot/left_wrist_yaw_link",
        "/World/envs/env_2/Robot/left_wrist_yaw_link",
        "/World/envs/env_3/Robot/left_wrist_yaw_link",
        "/World/envs/env_0/Robot/right_shoulder_pitch_link",
        "/World/envs/env_1/Robot/right_shoulder_pitch_link",
        "/World/envs/env_2/Robot/right_shoulder_pitch_link",
        "/World/envs/env_3/Robot/right_shoulder_pitch_link",
        "/World/envs/env_0/Robot/right_shoulder_roll_link",
        "/World/envs/env_1/Robot/right_shoulder_roll_link",
        "/World/envs/env_2/Robot/right_shoulder_roll_link",
        "/World/envs/env_3/Robot/right_shoulder_roll_link",
        "/World/envs/env_0/Robot/right_shoulder_yaw_link",
        "/World/envs/env_1/Robot/right_shoulder_yaw_link",
        "/World/envs/env_2/Robot/right_shoulder_yaw_link",
        "/World/envs/env_3/Robot/right_shoulder_yaw_link",
        "/World/envs/env_0/Robot/right_elbow_link",
        "/World/envs/env_1/Robot/right_elbow_link",
        "/World/envs/env_2/Robot/right_elbow_link",
        "/World/envs/env_3/Robot/right_elbow_link",
        "/World/envs/env_0/Robot/right_wrist_roll_link",
        "/World/envs/env_1/Robot/right_wrist_roll_link",
        "/World/envs/env_2/Robot/right_wrist_roll_link",
        "/World/envs/env_3/Robot/right_wrist_roll_link",
        "/World/envs/env_0/Robot/right_wrist_pitch_link",
        "/World/envs/env_1/Robot/right_wrist_pitch_link",
        "/World/envs/env_2/Robot/right_wrist_pitch_link",
        "/World/envs/env_3/Robot/right_wrist_pitch_link",
        "/World/envs/env_0/Robot/right_wrist_yaw_link",
        "/World/envs/env_1/Robot/right_wrist_yaw_link",
        "/World/envs/env_2/Robot/right_wrist_yaw_link",
        "/World/envs/env_3/Robot/right_wrist_yaw_link"
      ]
    },
    "center_camera": {
      "hits": {
        "ground/nohit": 2304
      },
      "cropped_hits": {
        "ground/nohit": 576
      },
      "raw_mirror_mae_m": 0.005889849737286568,
      "near_body_pixels": 0,
      "mesh_pose_body_order": {
        "1": "pelvis",
        "2": "left_wrist_roll_link",
        "3": "waist_roll_link",
        "4": "left_shoulder_roll_link",
        "5": "left_hip_pitch_link",
        "6": "left_wrist_roll_link",
        "7": "left_hip_pitch_link",
        "8": "left_hip_roll_link",
        "9": "left_hip_roll_link",
        "10": "left_wrist_roll_link",
        "11": "left_hip_pitch_link",
        "12": "left_hip_roll_link",
        "13": "left_hip_yaw_link",
        "14": "left_wrist_pitch_link",
        "15": "left_hip_pitch_link",
        "16": "left_hip_roll_link",
        "17": "left_knee_link",
        "18": "left_knee_link",
        "19": "left_ankle_pitch_link",
        "20": "left_ankle_pitch_link",
        "21": "left_ankle_pitch_link",
        "22": "left_ankle_pitch_link",
        "23": "left_ankle_pitch_link",
        "24": "left_ankle_pitch_link",
        "25": "left_ankle_roll_link",
        "26": "left_ankle_roll_link",
        "27": "left_ankle_roll_link",
        "28": "left_ankle_roll_link",
        "29": "right_hip_pitch_link",
        "30": "left_wrist_roll_link"
      },
      "max_pose_match_error": 3.535533905029297,
      "camera_pos": [
        [
          1.2948354482650757,
          -1.25,
          1.2816648483276367
        ],
        [
          1.2948354482650757,
          1.25,
          1.2816648483276367
        ],
        [
          -1.2051645517349243,
          -1.25,
          1.2816648483276367
        ],
        [
          -1.2051645517349243,
          1.25,
          1.2816648483276367
        ]
      ],
      "torso_pos": [
        1.2460365295410156,
        -1.25,
        0.8438620567321777
      ],
      "offset_pos": [
        [
          0.04879886656999588,
          0.0,
          0.4378030002117157
        ],
        [
          0.04879886656999588,
          0.0,
          0.4378030002117157
        ],
        [
          0.04879886656999588,
          0.0,
          0.4378030002117157
        ],
        [
          0.04879886656999588,
          0.0,
          0.4378030002117157
        ]
      ],
      "offset_rot": [
        [
          0.0,
          0.4067366421222687,
          0.0,
          0.9135454297065735
        ],
        [
          0.0,
          0.4067366421222687,
          0.0,
          0.9135454297065735
        ],
        [
          0.0,
          0.4067366421222687,
          0.0,
          0.9135454297065735
        ],
        [
          0.0,
          0.4067366421222687,
          0.0,
          0.9135454297065735
        ]
      ],
      "camera_path": "/World/envs/env_[^/]+/Robot/torso_link",
      "raw_min": 1.1589305400848389,
      "raw_max": 2.5,
      "view_paths": [
        "/World/envs/env_0/Robot/pelvis",
        "/World/envs/env_1/Robot/pelvis",
        "/World/envs/env_2/Robot/pelvis",
        "/World/envs/env_3/Robot/pelvis",
        "/World/envs/env_0/Robot/left_hip_pitch_link",
        "/World/envs/env_1/Robot/left_hip_pitch_link",
        "/World/envs/env_2/Robot/left_hip_pitch_link",
        "/World/envs/env_3/Robot/left_hip_pitch_link",
        "/World/envs/env_0/Robot/left_hip_roll_link",
        "/World/envs/env_1/Robot/left_hip_roll_link",
        "/World/envs/env_2/Robot/left_hip_roll_link",
        "/World/envs/env_3/Robot/left_hip_roll_link",
        "/World/envs/env_0/Robot/left_hip_yaw_link",
        "/World/envs/env_1/Robot/left_hip_yaw_link",
        "/World/envs/env_2/Robot/left_hip_yaw_link",
        "/World/envs/env_3/Robot/left_hip_yaw_link",
        "/World/envs/env_0/Robot/left_knee_link",
        "/World/envs/env_1/Robot/left_knee_link",
        "/World/envs/env_2/Robot/left_knee_link",
        "/World/envs/env_3/Robot/left_knee_link",
        "/World/envs/env_0/Robot/left_ankle_pitch_link",
        "/World/envs/env_1/Robot/left_ankle_pitch_link",
        "/World/envs/env_2/Robot/left_ankle_pitch_link",
        "/World/envs/env_3/Robot/left_ankle_pitch_link",
        "/World/envs/env_0/Robot/left_ankle_roll_link",
        "/World/envs/env_1/Robot/left_ankle_roll_link",
        "/World/envs/env_2/Robot/left_ankle_roll_link",
        "/World/envs/env_3/Robot/left_ankle_roll_link",
        "/World/envs/env_0/Robot/right_hip_pitch_link",
        "/World/envs/env_1/Robot/right_hip_pitch_link",
        "/World/envs/env_2/Robot/right_hip_pitch_link",
        "/World/envs/env_3/Robot/right_hip_pitch_link",
        "/World/envs/env_0/Robot/right_hip_roll_link",
        "/World/envs/env_1/Robot/right_hip_roll_link",
        "/World/envs/env_2/Robot/right_hip_roll_link",
        "/World/envs/env_3/Robot/right_hip_roll_link",
        "/World/envs/env_0/Robot/right_hip_yaw_link",
        "/World/envs/env_1/Robot/right_hip_yaw_link",
        "/World/envs/env_2/Robot/right_hip_yaw_link",
        "/World/envs/env_3/Robot/right_hip_yaw_link",
        "/World/envs/env_0/Robot/right_knee_link",
        "/World/envs/env_1/Robot/right_knee_link",
        "/World/envs/env_2/Robot/right_knee_link",
        "/World/envs/env_3/Robot/right_knee_link",
        "/World/envs/env_0/Robot/right_ankle_pitch_link",
        "/World/envs/env_1/Robot/right_ankle_pitch_link",
        "/World/envs/env_2/Robot/right_ankle_pitch_link",
        "/World/envs/env_3/Robot/right_ankle_pitch_link",
        "/World/envs/env_0/Robot/right_ankle_roll_link",
        "/World/envs/env_1/Robot/right_ankle_roll_link",
        "/World/envs/env_2/Robot/right_ankle_roll_link",
        "/World/envs/env_3/Robot/right_ankle_roll_link",
        "/World/envs/env_0/Robot/waist_yaw_link",
        "/World/envs/env_1/Robot/waist_yaw_link",
        "/World/envs/env_2/Robot/waist_yaw_link",
        "/World/envs/env_3/Robot/waist_yaw_link",
        "/World/envs/env_0/Robot/waist_roll_link",
        "/World/envs/env_1/Robot/waist_roll_link",
        "/World/envs/env_2/Robot/waist_roll_link",
        "/World/envs/env_3/Robot/waist_roll_link",
        "/World/envs/env_0/Robot/torso_link",
        "/World/envs/env_1/Robot/torso_link",
        "/World/envs/env_2/Robot/torso_link",
        "/World/envs/env_3/Robot/torso_link",
        "/World/envs/env_0/Robot/left_shoulder_pitch_link",
        "/World/envs/env_1/Robot/left_shoulder_pitch_link",
        "/World/envs/env_2/Robot/left_shoulder_pitch_link",
        "/World/envs/env_3/Robot/left_shoulder_pitch_link",
        "/World/envs/env_0/Robot/left_shoulder_roll_link",
        "/World/envs/env_1/Robot/left_shoulder_roll_link",
        "/World/envs/env_2/Robot/left_shoulder_roll_link",
        "/World/envs/env_3/Robot/left_shoulder_roll_link",
        "/World/envs/env_0/Robot/left_shoulder_yaw_link",
        "/World/envs/env_1/Robot/left_shoulder_yaw_link",
        "/World/envs/env_2/Robot/left_shoulder_yaw_link",
        "/World/envs/env_3/Robot/left_shoulder_yaw_link",
        "/World/envs/env_0/Robot/left_elbow_link",
        "/World/envs/env_1/Robot/left_elbow_link",
        "/World/envs/env_2/Robot/left_elbow_link",
        "/World/envs/env_3/Robot/left_elbow_link",
        "/World/envs/env_0/Robot/left_wrist_roll_link",
        "/World/envs/env_1/Robot/left_wrist_roll_link",
        "/World/envs/env_2/Robot/left_wrist_roll_link",
        "/World/envs/env_3/Robot/left_wrist_roll_link",
        "/World/envs/env_0/Robot/left_wrist_pitch_link",
        "/World/envs/env_1/Robot/left_wrist_pitch_link",
        "/World/envs/env_2/Robot/left_wrist_pitch_link",
        "/World/envs/env_3/Robot/left_wrist_pitch_link",
        "/World/envs/env_0/Robot/left_wrist_yaw_link",
        "/World/envs/env_1/Robot/left_wrist_yaw_link",
        "/World/envs/env_2/Robot/left_wrist_yaw_link",
        "/World/envs/env_3/Robot/left_wrist_yaw_link",
        "/World/envs/env_0/Robot/right_shoulder_pitch_link",
        "/World/envs/env_1/Robot/right_shoulder_pitch_link",
        "/World/envs/env_2/Robot/right_shoulder_pitch_link",
        "/World/envs/env_3/Robot/right_shoulder_pitch_link",
        "/World/envs/env_0/Robot/right_shoulder_roll_link",
        "/World/envs/env_1/Robot/right_shoulder_roll_link",
        "/World/envs/env_2/Robot/right_shoulder_roll_link",
        "/World/envs/env_3/Robot/right_shoulder_roll_link",
        "/World/envs/env_0/Robot/right_shoulder_yaw_link",
        "/World/envs/env_1/Robot/right_shoulder_yaw_link",
        "/World/envs/env_2/Robot/right_shoulder_yaw_link",
        "/World/envs/env_3/Robot/right_shoulder_yaw_link",
        "/World/envs/env_0/Robot/right_elbow_link",
        "/World/envs/env_1/Robot/right_elbow_link",
        "/World/envs/env_2/Robot/right_elbow_link",
        "/World/envs/env_3/Robot/right_elbow_link",
        "/World/envs/env_0/Robot/right_wrist_roll_link",
        "/World/envs/env_1/Robot/right_wrist_roll_link",
        "/World/envs/env_2/Robot/right_wrist_roll_link",
        "/World/envs/env_3/Robot/right_wrist_roll_link",
        "/World/envs/env_0/Robot/right_wrist_pitch_link",
        "/World/envs/env_1/Robot/right_wrist_pitch_link",
        "/World/envs/env_2/Robot/right_wrist_pitch_link",
        "/World/envs/env_3/Robot/right_wrist_pitch_link",
        "/World/envs/env_0/Robot/right_wrist_yaw_link",
        "/World/envs/env_1/Robot/right_wrist_yaw_link",
        "/World/envs/env_2/Robot/right_wrist_yaw_link",
        "/World/envs/env_3/Robot/right_wrist_yaw_link"
      ]
    }
  },
  "left_forward": {
    "depth_camera": {
      "hits": {
        "ground/nohit": 2304
      },
      "cropped_hits": {
        "ground/nohit": 576
      },
      "raw_mirror_mae_m": 0.017758307978510857,
      "near_body_pixels": 0,
      "mesh_pose_body_order": {
        "1": "pelvis",
        "2": "left_wrist_roll_link",
        "3": "right_elbow_link",
        "4": "left_shoulder_roll_link",
        "5": "left_hip_pitch_link",
        "6": "left_wrist_roll_link",
        "7": "right_elbow_link",
        "8": "left_hip_roll_link",
        "9": "left_hip_roll_link",
        "10": "left_wrist_roll_link",
        "11": "right_elbow_link",
        "12": "left_hip_roll_link",
        "13": "left_hip_yaw_link",
        "14": "left_wrist_pitch_link",
        "15": "right_elbow_link",
        "16": "left_hip_roll_link",
        "17": "left_knee_link",
        "18": "left_knee_link",
        "19": "left_ankle_pitch_link",
        "20": "left_ankle_pitch_link",
        "21": "left_ankle_pitch_link",
        "22": "left_ankle_pitch_link",
        "23": "left_ankle_pitch_link",
        "24": "left_ankle_pitch_link",
        "25": "left_ankle_roll_link",
        "26": "left_ankle_roll_link",
        "27": "left_ankle_roll_link",
        "28": "left_ankle_roll_link",
        "29": "right_hip_pitch_link",
        "30": "left_wrist_roll_link"
      },
      "max_pose_match_error": 3.535533905029297,
      "camera_pos": [
        [
          1.2948354482650757,
          -1.2400000095367432,
          1.2816648483276367
        ],
        [
          1.2948354482650757,
          1.2599999904632568,
          1.2816648483276367
        ],
        [
          -1.2051645517349243,
          -1.2400000095367432,
          1.2816648483276367
        ],
        [
          -1.2051645517349243,
          1.2599999904632568,
          1.2816648483276367
        ]
      ],
      "torso_pos": [
        1.2460365295410156,
        -1.25,
        0.8438620567321777
      ],
      "offset_pos": [
        [
          0.04879886656999588,
          0.009999999776482582,
          0.4378030002117157
        ],
        [
          0.04879886656999588,
          0.009999999776482582,
          0.4378030002117157
        ],
        [
          0.04879886656999588,
          0.009999999776482582,
          0.4378030002117157
        ],
        [
          0.04879886656999588,
          0.009999999776482582,
          0.4378030002117157
        ]
      ],
      "offset_rot": [
        [
          0.004363302607089281,
          0.40673601627349854,
          0.0,
          0.9135352969169617
        ],
        [
          0.004363302607089281,
          0.40673601627349854,
          0.0,
          0.9135352969169617
        ],
        [
          0.004363302607089281,
          0.40673601627349854,
          0.0,
          0.9135352969169617
        ],
        [
          0.004363302607089281,
          0.40673601627349854,
          0.0,
          0.9135352969169617
        ]
      ],
      "camera_path": "/World/envs/env_[^/]+/Robot/torso_link",
      "raw_min": 1.1508643627166748,
      "raw_max": 2.5,
      "view_paths": [
        "/World/envs/env_0/Robot/pelvis",
        "/World/envs/env_1/Robot/pelvis",
        "/World/envs/env_2/Robot/pelvis",
        "/World/envs/env_3/Robot/pelvis",
        "/World/envs/env_0/Robot/left_hip_pitch_link",
        "/World/envs/env_1/Robot/left_hip_pitch_link",
        "/World/envs/env_2/Robot/left_hip_pitch_link",
        "/World/envs/env_3/Robot/left_hip_pitch_link",
        "/World/envs/env_0/Robot/left_hip_roll_link",
        "/World/envs/env_1/Robot/left_hip_roll_link",
        "/World/envs/env_2/Robot/left_hip_roll_link",
        "/World/envs/env_3/Robot/left_hip_roll_link",
        "/World/envs/env_0/Robot/left_hip_yaw_link",
        "/World/envs/env_1/Robot/left_hip_yaw_link",
        "/World/envs/env_2/Robot/left_hip_yaw_link",
        "/World/envs/env_3/Robot/left_hip_yaw_link",
        "/World/envs/env_0/Robot/left_knee_link",
        "/World/envs/env_1/Robot/left_knee_link",
        "/World/envs/env_2/Robot/left_knee_link",
        "/World/envs/env_3/Robot/left_knee_link",
        "/World/envs/env_0/Robot/left_ankle_pitch_link",
        "/World/envs/env_1/Robot/left_ankle_pitch_link",
        "/World/envs/env_2/Robot/left_ankle_pitch_link",
        "/World/envs/env_3/Robot/left_ankle_pitch_link",
        "/World/envs/env_0/Robot/left_ankle_roll_link",
        "/World/envs/env_1/Robot/left_ankle_roll_link",
        "/World/envs/env_2/Robot/left_ankle_roll_link",
        "/World/envs/env_3/Robot/left_ankle_roll_link",
        "/World/envs/env_0/Robot/right_hip_pitch_link",
        "/World/envs/env_1/Robot/right_hip_pitch_link",
        "/World/envs/env_2/Robot/right_hip_pitch_link",
        "/World/envs/env_3/Robot/right_hip_pitch_link",
        "/World/envs/env_0/Robot/right_hip_roll_link",
        "/World/envs/env_1/Robot/right_hip_roll_link",
        "/World/envs/env_2/Robot/right_hip_roll_link",
        "/World/envs/env_3/Robot/right_hip_roll_link",
        "/World/envs/env_0/Robot/right_hip_yaw_link",
        "/World/envs/env_1/Robot/right_hip_yaw_link",
        "/World/envs/env_2/Robot/right_hip_yaw_link",
        "/World/envs/env_3/Robot/right_hip_yaw_link",
        "/World/envs/env_0/Robot/right_knee_link",
        "/World/envs/env_1/Robot/right_knee_link",
        "/World/envs/env_2/Robot/right_knee_link",
        "/World/envs/env_3/Robot/right_knee_link",
        "/World/envs/env_0/Robot/right_ankle_pitch_link",
        "/World/envs/env_1/Robot/right_ankle_pitch_link",
        "/World/envs/env_2/Robot/right_ankle_pitch_link",
        "/World/envs/env_3/Robot/right_ankle_pitch_link",
        "/World/envs/env_0/Robot/right_ankle_roll_link",
        "/World/envs/env_1/Robot/right_ankle_roll_link",
        "/World/envs/env_2/Robot/right_ankle_roll_link",
        "/World/envs/env_3/Robot/right_ankle_roll_link",
        "/World/envs/env_0/Robot/waist_yaw_link",
        "/World/envs/env_1/Robot/waist_yaw_link",
        "/World/envs/env_2/Robot/waist_yaw_link",
        "/World/envs/env_3/Robot/waist_yaw_link",
        "/World/envs/env_0/Robot/waist_roll_link",
        "/World/envs/env_1/Robot/waist_roll_link",
        "/World/envs/env_2/Robot/waist_roll_link",
        "/World/envs/env_3/Robot/waist_roll_link",
        "/World/envs/env_0/Robot/torso_link",
        "/World/envs/env_1/Robot/torso_link",
        "/World/envs/env_2/Robot/torso_link",
        "/World/envs/env_3/Robot/torso_link",
        "/World/envs/env_0/Robot/left_shoulder_pitch_link",
        "/World/envs/env_1/Robot/left_shoulder_pitch_link",
        "/World/envs/env_2/Robot/left_shoulder_pitch_link",
        "/World/envs/env_3/Robot/left_shoulder_pitch_link",
        "/World/envs/env_0/Robot/left_shoulder_roll_link",
        "/World/envs/env_1/Robot/left_shoulder_roll_link",
        "/World/envs/env_2/Robot/left_shoulder_roll_link",
        "/World/envs/env_3/Robot/left_shoulder_roll_link",
        "/World/envs/env_0/Robot/left_shoulder_yaw_link",
        "/World/envs/env_1/Robot/left_shoulder_yaw_link",
        "/World/envs/env_2/Robot/left_shoulder_yaw_link",
        "/World/envs/env_3/Robot/left_shoulder_yaw_link",
        "/World/envs/env_0/Robot/left_elbow_link",
        "/World/envs/env_1/Robot/left_elbow_link",
        "/World/envs/env_2/Robot/left_elbow_link",
        "/World/envs/env_3/Robot/left_elbow_link",
        "/World/envs/env_0/Robot/left_wrist_roll_link",
        "/World/envs/env_1/Robot/left_wrist_roll_link",
        "/World/envs/env_2/Robot/left_wrist_roll_link",
        "/World/envs/env_3/Robot/left_wrist_roll_link",
        "/World/envs/env_0/Robot/left_wrist_pitch_link",
        "/World/envs/env_1/Robot/left_wrist_pitch_link",
        "/World/envs/env_2/Robot/left_wrist_pitch_link",
        "/World/envs/env_3/Robot/left_wrist_pitch_link",
        "/World/envs/env_0/Robot/left_wrist_yaw_link",
        "/World/envs/env_1/Robot/left_wrist_yaw_link",
        "/World/envs/env_2/Robot/left_wrist_yaw_link",
        "/World/envs/env_3/Robot/left_wrist_yaw_link",
        "/World/envs/env_0/Robot/right_shoulder_pitch_link",
        "/World/envs/env_1/Robot/right_shoulder_pitch_link",
        "/World/envs/env_2/Robot/right_shoulder_pitch_link",
        "/World/envs/env_3/Robot/right_shoulder_pitch_link",
        "/World/envs/env_0/Robot/right_shoulder_roll_link",
        "/World/envs/env_1/Robot/right_shoulder_roll_link",
        "/World/envs/env_2/Robot/right_shoulder_roll_link",
        "/World/envs/env_3/Robot/right_shoulder_roll_link",
        "/World/envs/env_0/Robot/right_shoulder_yaw_link",
        "/World/envs/env_1/Robot/right_shoulder_yaw_link",
        "/World/envs/env_2/Robot/right_shoulder_yaw_link",
        "/World/envs/env_3/Robot/right_shoulder_yaw_link",
        "/World/envs/env_0/Robot/right_elbow_link",
        "/World/envs/env_1/Robot/right_elbow_link",
        "/World/envs/env_2/Robot/right_elbow_link",
        "/World/envs/env_3/Robot/right_elbow_link",
        "/World/envs/env_0/Robot/right_wrist_roll_link",
        "/World/envs/env_1/Robot/right_wrist_roll_link",
        "/World/envs/env_2/Robot/right_wrist_roll_link",
        "/World/envs/env_3/Robot/right_wrist_roll_link",
        "/World/envs/env_0/Robot/right_wrist_pitch_link",
        "/World/envs/env_1/Robot/right_wrist_pitch_link",
        "/World/envs/env_2/Robot/right_wrist_pitch_link",
        "/World/envs/env_3/Robot/right_wrist_pitch_link",
        "/World/envs/env_0/Robot/right_wrist_yaw_link",
        "/World/envs/env_1/Robot/right_wrist_yaw_link",
        "/World/envs/env_2/Robot/right_wrist_yaw_link",
        "/World/envs/env_3/Robot/right_wrist_yaw_link"
      ]
    },
    "center_camera": {
      "hits": {
        "ground/nohit": 2304
      },
      "cropped_hits": {
        "ground/nohit": 576
      },
      "raw_mirror_mae_m": 0.005889849737286568,
      "near_body_pixels": 0,
      "mesh_pose_body_order": {
        "1": "pelvis",
        "2": "left_wrist_roll_link",
        "3": "right_elbow_link",
        "4": "left_shoulder_roll_link",
        "5": "left_hip_pitch_link",
        "6": "left_wrist_roll_link",
        "7": "right_elbow_link",
        "8": "left_hip_roll_link",
        "9": "left_hip_roll_link",
        "10": "left_wrist_roll_link",
        "11": "right_elbow_link",
        "12": "left_hip_roll_link",
        "13": "left_hip_yaw_link",
        "14": "left_wrist_pitch_link",
        "15": "right_elbow_link",
        "16": "left_hip_roll_link",
        "17": "left_knee_link",
        "18": "left_knee_link",
        "19": "left_ankle_pitch_link",
        "20": "left_ankle_pitch_link",
        "21": "left_ankle_pitch_link",
        "22": "left_ankle_pitch_link",
        "23": "left_ankle_pitch_link",
        "24": "left_ankle_pitch_link",
        "25": "left_ankle_roll_link",
        "26": "left_ankle_roll_link",
        "27": "left_ankle_roll_link",
        "28": "left_ankle_roll_link",
        "29": "right_hip_pitch_link",
        "30": "left_wrist_roll_link"
      },
      "max_pose_match_error": 3.535533905029297,
      "camera_pos": [
        [
          1.2948354482650757,
          -1.25,
          1.2816648483276367
        ],
        [
          1.2948354482650757,
          1.25,
          1.2816648483276367
        ],
        [
          -1.2051645517349243,
          -1.25,
          1.2816648483276367
        ],
        [
          -1.2051645517349243,
          1.25,
          1.2816648483276367
        ]
      ],
      "torso_pos": [
        1.2460365295410156,
        -1.25,
        0.8438620567321777
      ],
      "offset_pos": [
        [
          0.04879886656999588,
          0.0,
          0.4378030002117157
        ],
        [
          0.04879886656999588,
          0.0,
          0.4378030002117157
        ],
        [
          0.04879886656999588,
          0.0,
          0.4378030002117157
        ],
        [
          0.04879886656999588,
          0.0,
          0.4378030002117157
        ]
      ],
      "offset_rot": [
        [
          0.0,
          0.4067366421222687,
          0.0,
          0.9135454297065735
        ],
        [
          0.0,
          0.4067366421222687,
          0.0,
          0.9135454297065735
        ],
        [
          0.0,
          0.4067366421222687,
          0.0,
          0.9135454297065735
        ],
        [
          0.0,
          0.4067366421222687,
          0.0,
          0.9135454297065735
        ]
      ],
      "camera_path": "/World/envs/env_[^/]+/Robot/torso_link",
      "raw_min": 1.1589305400848389,
      "raw_max": 2.5,
      "view_paths": [
        "/World/envs/env_0/Robot/pelvis",
        "/World/envs/env_1/Robot/pelvis",
        "/World/envs/env_2/Robot/pelvis",
        "/World/envs/env_3/Robot/pelvis",
        "/World/envs/env_0/Robot/left_hip_pitch_link",
        "/World/envs/env_1/Robot/left_hip_pitch_link",
        "/World/envs/env_2/Robot/left_hip_pitch_link",
        "/World/envs/env_3/Robot/left_hip_pitch_link",
        "/World/envs/env_0/Robot/left_hip_roll_link",
        "/World/envs/env_1/Robot/left_hip_roll_link",
        "/World/envs/env_2/Robot/left_hip_roll_link",
        "/World/envs/env_3/Robot/left_hip_roll_link",
        "/World/envs/env_0/Robot/left_hip_yaw_link",
        "/World/envs/env_1/Robot/left_hip_yaw_link",
        "/World/envs/env_2/Robot/left_hip_yaw_link",
        "/World/envs/env_3/Robot/left_hip_yaw_link",
        "/World/envs/env_0/Robot/left_knee_link",
        "/World/envs/env_1/Robot/left_knee_link",
        "/World/envs/env_2/Robot/left_knee_link",
        "/World/envs/env_3/Robot/left_knee_link",
        "/World/envs/env_0/Robot/left_ankle_pitch_link",
        "/World/envs/env_1/Robot/left_ankle_pitch_link",
        "/World/envs/env_2/Robot/left_ankle_pitch_link",
        "/World/envs/env_3/Robot/left_ankle_pitch_link",
        "/World/envs/env_0/Robot/left_ankle_roll_link",
        "/World/envs/env_1/Robot/left_ankle_roll_link",
        "/World/envs/env_2/Robot/left_ankle_roll_link",
        "/World/envs/env_3/Robot/left_ankle_roll_link",
        "/World/envs/env_0/Robot/right_hip_pitch_link",
        "/World/envs/env_1/Robot/right_hip_pitch_link",
        "/World/envs/env_2/Robot/right_hip_pitch_link",
        "/World/envs/env_3/Robot/right_hip_pitch_link",
        "/World/envs/env_0/Robot/right_hip_roll_link",
        "/World/envs/env_1/Robot/right_hip_roll_link",
        "/World/envs/env_2/Robot/right_hip_roll_link",
        "/World/envs/env_3/Robot/right_hip_roll_link",
        "/World/envs/env_0/Robot/right_hip_yaw_link",
        "/World/envs/env_1/Robot/right_hip_yaw_link",
        "/World/envs/env_2/Robot/right_hip_yaw_link",
        "/World/envs/env_3/Robot/right_hip_yaw_link",
        "/World/envs/env_0/Robot/right_knee_link",
        "/World/envs/env_1/Robot/right_knee_link",
        "/World/envs/env_2/Robot/right_knee_link",
        "/World/envs/env_3/Robot/right_knee_link",
        "/World/envs/env_0/Robot/right_ankle_pitch_link",
        "/World/envs/env_1/Robot/right_ankle_pitch_link",
        "/World/envs/env_2/Robot/right_ankle_pitch_link",
        "/World/envs/env_3/Robot/right_ankle_pitch_link",
        "/World/envs/env_0/Robot/right_ankle_roll_link",
        "/World/envs/env_1/Robot/right_ankle_roll_link",
        "/World/envs/env_2/Robot/right_ankle_roll_link",
        "/World/envs/env_3/Robot/right_ankle_roll_link",
        "/World/envs/env_0/Robot/waist_yaw_link",
        "/World/envs/env_1/Robot/waist_yaw_link",
        "/World/envs/env_2/Robot/waist_yaw_link",
        "/World/envs/env_3/Robot/waist_yaw_link",
        "/World/envs/env_0/Robot/waist_roll_link",
        "/World/envs/env_1/Robot/waist_roll_link",
        "/World/envs/env_2/Robot/waist_roll_link",
        "/World/envs/env_3/Robot/waist_roll_link",
        "/World/envs/env_0/Robot/torso_link",
        "/World/envs/env_1/Robot/torso_link",
        "/World/envs/env_2/Robot/torso_link",
        "/World/envs/env_3/Robot/torso_link",
        "/World/envs/env_0/Robot/left_shoulder_pitch_link",
        "/World/envs/env_1/Robot/left_shoulder_pitch_link",
        "/World/envs/env_2/Robot/left_shoulder_pitch_link",
        "/World/envs/env_3/Robot/left_shoulder_pitch_link",
        "/World/envs/env_0/Robot/left_shoulder_roll_link",
        "/World/envs/env_1/Robot/left_shoulder_roll_link",
        "/World/envs/env_2/Robot/left_shoulder_roll_link",
        "/World/envs/env_3/Robot/left_shoulder_roll_link",
        "/World/envs/env_0/Robot/left_shoulder_yaw_link",
        "/World/envs/env_1/Robot/left_shoulder_yaw_link",
        "/World/envs/env_2/Robot/left_shoulder_yaw_link",
        "/World/envs/env_3/Robot/left_shoulder_yaw_link",
        "/World/envs/env_0/Robot/left_elbow_link",
        "/World/envs/env_1/Robot/left_elbow_link",
        "/World/envs/env_2/Robot/left_elbow_link",
        "/World/envs/env_3/Robot/left_elbow_link",
        "/World/envs/env_0/Robot/left_wrist_roll_link",
        "/World/envs/env_1/Robot/left_wrist_roll_link",
        "/World/envs/env_2/Robot/left_wrist_roll_link",
        "/World/envs/env_3/Robot/left_wrist_roll_link",
        "/World/envs/env_0/Robot/left_wrist_pitch_link",
        "/World/envs/env_1/Robot/left_wrist_pitch_link",
        "/World/envs/env_2/Robot/left_wrist_pitch_link",
        "/World/envs/env_3/Robot/left_wrist_pitch_link",
        "/World/envs/env_0/Robot/left_wrist_yaw_link",
        "/World/envs/env_1/Robot/left_wrist_yaw_link",
        "/World/envs/env_2/Robot/left_wrist_yaw_link",
        "/World/envs/env_3/Robot/left_wrist_yaw_link",
        "/World/envs/env_0/Robot/right_shoulder_pitch_link",
        "/World/envs/env_1/Robot/right_shoulder_pitch_link",
        "/World/envs/env_2/Robot/right_shoulder_pitch_link",
        "/World/envs/env_3/Robot/right_shoulder_pitch_link",
        "/World/envs/env_0/Robot/right_shoulder_roll_link",
        "/World/envs/env_1/Robot/right_shoulder_roll_link",
        "/World/envs/env_2/Robot/right_shoulder_roll_link",
        "/World/envs/env_3/Robot/right_shoulder_roll_link",
        "/World/envs/env_0/Robot/right_shoulder_yaw_link",
        "/World/envs/env_1/Robot/right_shoulder_yaw_link",
        "/World/envs/env_2/Robot/right_shoulder_yaw_link",
        "/World/envs/env_3/Robot/right_shoulder_yaw_link",
        "/World/envs/env_0/Robot/right_elbow_link",
        "/World/envs/env_1/Robot/right_elbow_link",
        "/World/envs/env_2/Robot/right_elbow_link",
        "/World/envs/env_3/Robot/right_elbow_link",
        "/World/envs/env_0/Robot/right_wrist_roll_link",
        "/World/envs/env_1/Robot/right_wrist_roll_link",
        "/World/envs/env_2/Robot/right_wrist_roll_link",
        "/World/envs/env_3/Robot/right_wrist_roll_link",
        "/World/envs/env_0/Robot/right_wrist_pitch_link",
        "/World/envs/env_1/Robot/right_wrist_pitch_link",
        "/World/envs/env_2/Robot/right_wrist_pitch_link",
        "/World/envs/env_3/Robot/right_wrist_pitch_link",
        "/World/envs/env_0/Robot/right_wrist_yaw_link",
        "/World/envs/env_1/Robot/right_wrist_yaw_link",
        "/World/envs/env_2/Robot/right_wrist_yaw_link",
        "/World/envs/env_3/Robot/right_wrist_yaw_link"
      ]
    }
  },
  "right_forward": {
    "depth_camera": {
      "hits": {
        "ground/nohit": 2304
      },
      "cropped_hits": {
        "ground/nohit": 576
      },
      "raw_mirror_mae_m": 0.017758307978510857,
      "near_body_pixels": 0,
      "mesh_pose_body_order": {
        "1": "pelvis",
        "2": "left_wrist_yaw_link",
        "3": "left_elbow_link",
        "4": "left_wrist_roll_link",
        "5": "left_hip_pitch_link",
        "6": "left_wrist_yaw_link",
        "7": "left_elbow_link",
        "8": "left_wrist_roll_link",
        "9": "left_hip_roll_link",
        "10": "left_wrist_yaw_link",
        "11": "left_elbow_link",
        "12": "left_wrist_roll_link",
        "13": "left_hip_yaw_link",
        "14": "left_wrist_yaw_link",
        "15": "left_elbow_link",
        "16": "left_wrist_yaw_link",
        "17": "left_knee_link",
        "18": "left_wrist_yaw_link",
        "19": "left_ankle_pitch_link",
        "20": "left_wrist_yaw_link",
        "21": "left_ankle_pitch_link",
        "22": "left_wrist_yaw_link",
        "23": "left_ankle_pitch_link",
        "24": "left_ankle_pitch_link",
        "25": "left_ankle_roll_link",
        "26": "left_wrist_yaw_link",
        "27": "left_ankle_roll_link",
        "28": "left_ankle_roll_link",
        "29": "right_hip_pitch_link",
        "30": "left_wrist_yaw_link"
      },
      "max_pose_match_error": 3.535533905029297,
      "camera_pos": [
        [
          1.2948354482650757,
          -1.2400000095367432,
          1.2816648483276367
        ],
        [
          1.2948354482650757,
          1.2599999904632568,
          1.2816648483276367
        ],
        [
          -1.2051645517349243,
          -1.2400000095367432,
          1.2816648483276367
        ],
        [
          -1.2051645517349243,
          1.2599999904632568,
          1.2816648483276367
        ]
      ],
      "torso_pos": [
        1.2460365295410156,
        -1.25,
        0.8438620567321777
      ],
      "offset_pos": [
        [
          0.04879886656999588,
          0.009999999776482582,
          0.4378030002117157
        ],
        [
          0.04879886656999588,
          0.009999999776482582,
          0.4378030002117157
        ],
        [
          0.04879886656999588,
          0.009999999776482582,
          0.4378030002117157
        ],
        [
          0.04879886656999588,
          0.009999999776482582,
          0.4378030002117157
        ]
      ],
      "offset_rot": [
        [
          0.004363302607089281,
          0.40673601627349854,
          0.0,
          0.9135352969169617
        ],
        [
          0.004363302607089281,
          0.40673601627349854,
          0.0,
          0.9135352969169617
        ],
        [
          0.004363302607089281,
          0.40673601627349854,
          0.0,
          0.9135352969169617
        ],
        [
          0.004363302607089281,
          0.40673601627349854,
          0.0,
          0.9135352969169617
        ]
      ],
      "camera_path": "/World/envs/env_[^/]+/Robot/torso_link",
      "raw_min": 1.1508643627166748,
      "raw_max": 2.5,
      "view_paths": [
        "/World/envs/env_0/Robot/pelvis",
        "/World/envs/env_1/Robot/pelvis",
        "/World/envs/env_2/Robot/pelvis",
        "/World/envs/env_3/Robot/pelvis",
        "/World/envs/env_0/Robot/left_hip_pitch_link",
        "/World/envs/env_1/Robot/left_hip_pitch_link",
        "/World/envs/env_2/Robot/left_hip_pitch_link",
        "/World/envs/env_3/Robot/left_hip_pitch_link",
        "/World/envs/env_0/Robot/left_hip_roll_link",
        "/World/envs/env_1/Robot/left_hip_roll_link",
        "/World/envs/env_2/Robot/left_hip_roll_link",
        "/World/envs/env_3/Robot/left_hip_roll_link",
        "/World/envs/env_0/Robot/left_hip_yaw_link",
        "/World/envs/env_1/Robot/left_hip_yaw_link",
        "/World/envs/env_2/Robot/left_hip_yaw_link",
        "/World/envs/env_3/Robot/left_hip_yaw_link",
        "/World/envs/env_0/Robot/left_knee_link",
        "/World/envs/env_1/Robot/left_knee_link",
        "/World/envs/env_2/Robot/left_knee_link",
        "/World/envs/env_3/Robot/left_knee_link",
        "/World/envs/env_0/Robot/left_ankle_pitch_link",
        "/World/envs/env_1/Robot/left_ankle_pitch_link",
        "/World/envs/env_2/Robot/left_ankle_pitch_link",
        "/World/envs/env_3/Robot/left_ankle_pitch_link",
        "/World/envs/env_0/Robot/left_ankle_roll_link",
        "/World/envs/env_1/Robot/left_ankle_roll_link",
        "/World/envs/env_2/Robot/left_ankle_roll_link",
        "/World/envs/env_3/Robot/left_ankle_roll_link",
        "/World/envs/env_0/Robot/right_hip_pitch_link",
        "/World/envs/env_1/Robot/right_hip_pitch_link",
        "/World/envs/env_2/Robot/right_hip_pitch_link",
        "/World/envs/env_3/Robot/right_hip_pitch_link",
        "/World/envs/env_0/Robot/right_hip_roll_link",
        "/World/envs/env_1/Robot/right_hip_roll_link",
        "/World/envs/env_2/Robot/right_hip_roll_link",
        "/World/envs/env_3/Robot/right_hip_roll_link",
        "/World/envs/env_0/Robot/right_hip_yaw_link",
        "/World/envs/env_1/Robot/right_hip_yaw_link",
        "/World/envs/env_2/Robot/right_hip_yaw_link",
        "/World/envs/env_3/Robot/right_hip_yaw_link",
        "/World/envs/env_0/Robot/right_knee_link",
        "/World/envs/env_1/Robot/right_knee_link",
        "/World/envs/env_2/Robot/right_knee_link",
        "/World/envs/env_3/Robot/right_knee_link",
        "/World/envs/env_0/Robot/right_ankle_pitch_link",
        "/World/envs/env_1/Robot/right_ankle_pitch_link",
        "/World/envs/env_2/Robot/right_ankle_pitch_link",
        "/World/envs/env_3/Robot/right_ankle_pitch_link",
        "/World/envs/env_0/Robot/right_ankle_roll_link",
        "/World/envs/env_1/Robot/right_ankle_roll_link",
        "/World/envs/env_2/Robot/right_ankle_roll_link",
        "/World/envs/env_3/Robot/right_ankle_roll_link",
        "/World/envs/env_0/Robot/waist_yaw_link",
        "/World/envs/env_1/Robot/waist_yaw_link",
        "/World/envs/env_2/Robot/waist_yaw_link",
        "/World/envs/env_3/Robot/waist_yaw_link",
        "/World/envs/env_0/Robot/waist_roll_link",
        "/World/envs/env_1/Robot/waist_roll_link",
        "/World/envs/env_2/Robot/waist_roll_link",
        "/World/envs/env_3/Robot/waist_roll_link",
        "/World/envs/env_0/Robot/torso_link",
        "/World/envs/env_1/Robot/torso_link",
        "/World/envs/env_2/Robot/torso_link",
        "/World/envs/env_3/Robot/torso_link",
        "/World/envs/env_0/Robot/left_shoulder_pitch_link",
        "/World/envs/env_1/Robot/left_shoulder_pitch_link",
        "/World/envs/env_2/Robot/left_shoulder_pitch_link",
        "/World/envs/env_3/Robot/left_shoulder_pitch_link",
        "/World/envs/env_0/Robot/left_shoulder_roll_link",
        "/World/envs/env_1/Robot/left_shoulder_roll_link",
        "/World/envs/env_2/Robot/left_shoulder_roll_link",
        "/World/envs/env_3/Robot/left_shoulder_roll_link",
        "/World/envs/env_0/Robot/left_shoulder_yaw_link",
        "/World/envs/env_1/Robot/left_shoulder_yaw_link",
        "/World/envs/env_2/Robot/left_shoulder_yaw_link",
        "/World/envs/env_3/Robot/left_shoulder_yaw_link",
        "/World/envs/env_0/Robot/left_elbow_link",
        "/World/envs/env_1/Robot/left_elbow_link",
        "/World/envs/env_2/Robot/left_elbow_link",
        "/World/envs/env_3/Robot/left_elbow_link",
        "/World/envs/env_0/Robot/left_wrist_roll_link",
        "/World/envs/env_1/Robot/left_wrist_roll_link",
        "/World/envs/env_2/Robot/left_wrist_roll_link",
        "/World/envs/env_3/Robot/left_wrist_roll_link",
        "/World/envs/env_0/Robot/left_wrist_pitch_link",
        "/World/envs/env_1/Robot/left_wrist_pitch_link",
        "/World/envs/env_2/Robot/left_wrist_pitch_link",
        "/World/envs/env_3/Robot/left_wrist_pitch_link",
        "/World/envs/env_0/Robot/left_wrist_yaw_link",
        "/World/envs/env_1/Robot/left_wrist_yaw_link",
        "/World/envs/env_2/Robot/left_wrist_yaw_link",
        "/World/envs/env_3/Robot/left_wrist_yaw_link",
        "/World/envs/env_0/Robot/right_shoulder_pitch_link",
        "/World/envs/env_1/Robot/right_shoulder_pitch_link",
        "/World/envs/env_2/Robot/right_shoulder_pitch_link",
        "/World/envs/env_3/Robot/right_shoulder_pitch_link",
        "/World/envs/env_0/Robot/right_shoulder_roll_link",
        "/World/envs/env_1/Robot/right_shoulder_roll_link",
        "/World/envs/env_2/Robot/right_shoulder_roll_link",
        "/World/envs/env_3/Robot/right_shoulder_roll_link",
        "/World/envs/env_0/Robot/right_shoulder_yaw_link",
        "/World/envs/env_1/Robot/right_shoulder_yaw_link",
        "/World/envs/env_2/Robot/right_shoulder_yaw_link",
        "/World/envs/env_3/Robot/right_shoulder_yaw_link",
        "/World/envs/env_0/Robot/right_elbow_link",
        "/World/envs/env_1/Robot/right_elbow_link",
        "/World/envs/env_2/Robot/right_elbow_link",
        "/World/envs/env_3/Robot/right_elbow_link",
        "/World/envs/env_0/Robot/right_wrist_roll_link",
        "/World/envs/env_1/Robot/right_wrist_roll_link",
        "/World/envs/env_2/Robot/right_wrist_roll_link",
        "/World/envs/env_3/Robot/right_wrist_roll_link",
        "/World/envs/env_0/Robot/right_wrist_pitch_link",
        "/World/envs/env_1/Robot/right_wrist_pitch_link",
        "/World/envs/env_2/Robot/right_wrist_pitch_link",
        "/World/envs/env_3/Robot/right_wrist_pitch_link",
        "/World/envs/env_0/Robot/right_wrist_yaw_link",
        "/World/envs/env_1/Robot/right_wrist_yaw_link",
        "/World/envs/env_2/Robot/right_wrist_yaw_link",
        "/World/envs/env_3/Robot/right_wrist_yaw_link"
      ]
    },
    "center_camera": {
      "hits": {
        "ground/nohit": 2304
      },
      "cropped_hits": {
        "ground/nohit": 576
      },
      "raw_mirror_mae_m": 0.005889849737286568,
      "near_body_pixels": 0,
      "mesh_pose_body_order": {
        "1": "pelvis",
        "2": "left_wrist_yaw_link",
        "3": "left_elbow_link",
        "4": "left_wrist_roll_link",
        "5": "left_hip_pitch_link",
        "6": "left_wrist_yaw_link",
        "7": "left_elbow_link",
        "8": "left_wrist_roll_link",
        "9": "left_hip_roll_link",
        "10": "left_wrist_yaw_link",
        "11": "left_elbow_link",
        "12": "left_wrist_roll_link",
        "13": "left_hip_yaw_link",
        "14": "left_wrist_yaw_link",
        "15": "left_elbow_link",
        "16": "left_wrist_yaw_link",
        "17": "left_knee_link",
        "18": "left_wrist_yaw_link",
        "19": "left_ankle_pitch_link",
        "20": "left_wrist_yaw_link",
        "21": "left_ankle_pitch_link",
        "22": "left_wrist_yaw_link",
        "23": "left_ankle_pitch_link",
        "24": "left_ankle_pitch_link",
        "25": "left_ankle_roll_link",
        "26": "left_wrist_yaw_link",
        "27": "left_ankle_roll_link",
        "28": "left_ankle_roll_link",
        "29": "right_hip_pitch_link",
        "30": "left_wrist_yaw_link"
      },
      "max_pose_match_error": 3.535533905029297,
      "camera_pos": [
        [
          1.2948354482650757,
          -1.25,
          1.2816648483276367
        ],
        [
          1.2948354482650757,
          1.25,
          1.2816648483276367
        ],
        [
          -1.2051645517349243,
          -1.25,
          1.2816648483276367
        ],
        [
          -1.2051645517349243,
          1.25,
          1.2816648483276367
        ]
      ],
      "torso_pos": [
        1.2460365295410156,
        -1.25,
        0.8438620567321777
      ],
      "offset_pos": [
        [
          0.04879886656999588,
          0.0,
          0.4378030002117157
        ],
        [
          0.04879886656999588,
          0.0,
          0.4378030002117157
        ],
        [
          0.04879886656999588,
          0.0,
          0.4378030002117157
        ],
        [
          0.04879886656999588,
          0.0,
          0.4378030002117157
        ]
      ],
      "offset_rot": [
        [
          0.0,
          0.4067366421222687,
          0.0,
          0.9135454297065735
        ],
        [
          0.0,
          0.4067366421222687,
          0.0,
          0.9135454297065735
        ],
        [
          0.0,
          0.4067366421222687,
          0.0,
          0.9135454297065735
        ],
        [
          0.0,
          0.4067366421222687,
          0.0,
          0.9135454297065735
        ]
      ],
      "camera_path": "/World/envs/env_[^/]+/Robot/torso_link",
      "raw_min": 1.1589305400848389,
      "raw_max": 2.5,
      "view_paths": [
        "/World/envs/env_0/Robot/pelvis",
        "/World/envs/env_1/Robot/pelvis",
        "/World/envs/env_2/Robot/pelvis",
        "/World/envs/env_3/Robot/pelvis",
        "/World/envs/env_0/Robot/left_hip_pitch_link",
        "/World/envs/env_1/Robot/left_hip_pitch_link",
        "/World/envs/env_2/Robot/left_hip_pitch_link",
        "/World/envs/env_3/Robot/left_hip_pitch_link",
        "/World/envs/env_0/Robot/left_hip_roll_link",
        "/World/envs/env_1/Robot/left_hip_roll_link",
        "/World/envs/env_2/Robot/left_hip_roll_link",
        "/World/envs/env_3/Robot/left_hip_roll_link",
        "/World/envs/env_0/Robot/left_hip_yaw_link",
        "/World/envs/env_1/Robot/left_hip_yaw_link",
        "/World/envs/env_2/Robot/left_hip_yaw_link",
        "/World/envs/env_3/Robot/left_hip_yaw_link",
        "/World/envs/env_0/Robot/left_knee_link",
        "/World/envs/env_1/Robot/left_knee_link",
        "/World/envs/env_2/Robot/left_knee_link",
        "/World/envs/env_3/Robot/left_knee_link",
        "/World/envs/env_0/Robot/left_ankle_pitch_link",
        "/World/envs/env_1/Robot/left_ankle_pitch_link",
        "/World/envs/env_2/Robot/left_ankle_pitch_link",
        "/World/envs/env_3/Robot/left_ankle_pitch_link",
        "/World/envs/env_0/Robot/left_ankle_roll_link",
        "/World/envs/env_1/Robot/left_ankle_roll_link",
        "/World/envs/env_2/Robot/left_ankle_roll_link",
        "/World/envs/env_3/Robot/left_ankle_roll_link",
        "/World/envs/env_0/Robot/right_hip_pitch_link",
        "/World/envs/env_1/Robot/right_hip_pitch_link",
        "/World/envs/env_2/Robot/right_hip_pitch_link",
        "/World/envs/env_3/Robot/right_hip_pitch_link",
        "/World/envs/env_0/Robot/right_hip_roll_link",
        "/World/envs/env_1/Robot/right_hip_roll_link",
        "/World/envs/env_2/Robot/right_hip_roll_link",
        "/World/envs/env_3/Robot/right_hip_roll_link",
        "/World/envs/env_0/Robot/right_hip_yaw_link",
        "/World/envs/env_1/Robot/right_hip_yaw_link",
        "/World/envs/env_2/Robot/right_hip_yaw_link",
        "/World/envs/env_3/Robot/right_hip_yaw_link",
        "/World/envs/env_0/Robot/right_knee_link",
        "/World/envs/env_1/Robot/right_knee_link",
        "/World/envs/env_2/Robot/right_knee_link",
        "/World/envs/env_3/Robot/right_knee_link",
        "/World/envs/env_0/Robot/right_ankle_pitch_link",
        "/World/envs/env_1/Robot/right_ankle_pitch_link",
        "/World/envs/env_2/Robot/right_ankle_pitch_link",
        "/World/envs/env_3/Robot/right_ankle_pitch_link",
        "/World/envs/env_0/Robot/right_ankle_roll_link",
        "/World/envs/env_1/Robot/right_ankle_roll_link",
        "/World/envs/env_2/Robot/right_ankle_roll_link",
        "/World/envs/env_3/Robot/right_ankle_roll_link",
        "/World/envs/env_0/Robot/waist_yaw_link",
        "/World/envs/env_1/Robot/waist_yaw_link",
        "/World/envs/env_2/Robot/waist_yaw_link",
        "/World/envs/env_3/Robot/waist_yaw_link",
        "/World/envs/env_0/Robot/waist_roll_link",
        "/World/envs/env_1/Robot/waist_roll_link",
        "/World/envs/env_2/Robot/waist_roll_link",
        "/World/envs/env_3/Robot/waist_roll_link",
        "/World/envs/env_0/Robot/torso_link",
        "/World/envs/env_1/Robot/torso_link",
        "/World/envs/env_2/Robot/torso_link",
        "/World/envs/env_3/Robot/torso_link",
        "/World/envs/env_0/Robot/left_shoulder_pitch_link",
        "/World/envs/env_1/Robot/left_shoulder_pitch_link",
        "/World/envs/env_2/Robot/left_shoulder_pitch_link",
        "/World/envs/env_3/Robot/left_shoulder_pitch_link",
        "/World/envs/env_0/Robot/left_shoulder_roll_link",
        "/World/envs/env_1/Robot/left_shoulder_roll_link",
        "/World/envs/env_2/Robot/left_shoulder_roll_link",
        "/World/envs/env_3/Robot/left_shoulder_roll_link",
        "/World/envs/env_0/Robot/left_shoulder_yaw_link",
        "/World/envs/env_1/Robot/left_shoulder_yaw_link",
        "/World/envs/env_2/Robot/left_shoulder_yaw_link",
        "/World/envs/env_3/Robot/left_shoulder_yaw_link",
        "/World/envs/env_0/Robot/left_elbow_link",
        "/World/envs/env_1/Robot/left_elbow_link",
        "/World/envs/env_2/Robot/left_elbow_link",
        "/World/envs/env_3/Robot/left_elbow_link",
        "/World/envs/env_0/Robot/left_wrist_roll_link",
        "/World/envs/env_1/Robot/left_wrist_roll_link",
        "/World/envs/env_2/Robot/left_wrist_roll_link",
        "/World/envs/env_3/Robot/left_wrist_roll_link",
        "/World/envs/env_0/Robot/left_wrist_pitch_link",
        "/World/envs/env_1/Robot/left_wrist_pitch_link",
        "/World/envs/env_2/Robot/left_wrist_pitch_link",
        "/World/envs/env_3/Robot/left_wrist_pitch_link",
        "/World/envs/env_0/Robot/left_wrist_yaw_link",
        "/World/envs/env_1/Robot/left_wrist_yaw_link",
        "/World/envs/env_2/Robot/left_wrist_yaw_link",
        "/World/envs/env_3/Robot/left_wrist_yaw_link",
        "/World/envs/env_0/Robot/right_shoulder_pitch_link",
        "/World/envs/env_1/Robot/right_shoulder_pitch_link",
        "/World/envs/env_2/Robot/right_shoulder_pitch_link",
        "/World/envs/env_3/Robot/right_shoulder_pitch_link",
        "/World/envs/env_0/Robot/right_shoulder_roll_link",
        "/World/envs/env_1/Robot/right_shoulder_roll_link",
        "/World/envs/env_2/Robot/right_shoulder_roll_link",
        "/World/envs/env_3/Robot/right_shoulder_roll_link",
        "/World/envs/env_0/Robot/right_shoulder_yaw_link",
        "/World/envs/env_1/Robot/right_shoulder_yaw_link",
        "/World/envs/env_2/Robot/right_shoulder_yaw_link",
        "/World/envs/env_3/Robot/right_shoulder_yaw_link",
        "/World/envs/env_0/Robot/right_elbow_link",
        "/World/envs/env_1/Robot/right_elbow_link",
        "/World/envs/env_2/Robot/right_elbow_link",
        "/World/envs/env_3/Robot/right_elbow_link",
        "/World/envs/env_0/Robot/right_wrist_roll_link",
        "/World/envs/env_1/Robot/right_wrist_roll_link",
        "/World/envs/env_2/Robot/right_wrist_roll_link",
        "/World/envs/env_3/Robot/right_wrist_roll_link",
        "/World/envs/env_0/Robot/right_wrist_pitch_link",
        "/World/envs/env_1/Robot/right_wrist_pitch_link",
        "/World/envs/env_2/Robot/right_wrist_pitch_link",
        "/World/envs/env_3/Robot/right_wrist_pitch_link",
        "/World/envs/env_0/Robot/right_wrist_yaw_link",
        "/World/envs/env_1/Robot/right_wrist_yaw_link",
        "/World/envs/env_2/Robot/right_wrist_yaw_link",
        "/World/envs/env_3/Robot/right_wrist_yaw_link"
      ]
    }
  }
}
[INFO]: SimulationContext cleared
Loading user config located at: '/home/ljc/isaaclab/lib/python3.12/site-packages/isaacsim/kit/data/Kit/IsaacLab/3.0/user.config.json'
2026-09-11T04:30:28Z [0ms] [Warning] [omni.usd_config.extension] Enable omni.materialx.libs extension to use MaterialX
2026-09-11T04:30:34Z [6,200ms] [Warning] [isaaclab.envs.manager_based_env] Seed not set for the environment. The environment creation may not be deterministic.
2026-09-11T04:30:34Z [6,365ms] [Warning] [isaaclab.terrains.terrain_importer] Visual material specified for ground plane but no diffuse color found. Preserving the ground plane's authored material.
2026-09-11T04:30:35Z [7,182ms] [Warning] [isaaclab.utils.assets] Serving remote assets from the local cache under '/tmp'. Each copy is checked against the server before use; delete the directory to force a full re-download.
2026-09-11T04:30:38Z [9,921ms] [Warning] [usdrt.population.plugin] Last global time was not created. Did you call setEnableUsdNoticeHandling?
2026-09-11T04:30:39Z [11,556ms] [Warning] [py.warnings] /home/ljc/legged_lab_v3/scripts/tools/inspect_depth_symmetry.py:43: DeprecationWarning: Reading the root state directly is deprecated since IsaacLab 3.0 and will be removed in a future version. Please use the default_root_pose and default_root_vel properties instead.
  base = tensor(robot.data.default_root_state).clone()

2026-09-11T04:30:39Z [11,557ms] [Warning] [py.warnings] /home/ljc/legged_lab_v3/scripts/tools/inspect_depth_symmetry.py:54: DeprecationWarning: The function 'write_root_state_to_sim' will be deprecated in a future release. Please use 'write_root_link_pose_to_sim_index' and 'write_root_com_velocity_to_sim_index' instead.
  robot.write_root_state_to_sim(base)

2026-09-11T04:30:39Z [11,557ms] [Warning] [py.warnings] /home/ljc/legged_lab_v3/scripts/tools/inspect_depth_symmetry.py:55: DeprecationWarning: The function 'write_joint_state_to_sim' will be deprecated in a future release. Please use 'write_joint_position_to_sim_index' and 'write_joint_velocity_to_sim_index' instead.
  robot.write_joint_state_to_sim(q, torch.zeros_like(q))

2026-09-11T04:30:39Z [11,557ms] [Warning] [py.warnings] /home/ljc/legged_lab_v3/scripts/tools/inspect_depth_symmetry.py:56: DeprecationWarning: Articulation.set_joint_position_target is deprecated. Use articulation.actuators.target_command.set_position_index instead.
  robot.set_joint_position_target(q)

